"","Team","Opponent","HomeGame","ScoreFor","ScoreAgainst","GameId","Year","WeekNumber","GameDate","Overtime","ConvertBotched","Convert2Attempts","Convert2Fail","FirstDownsByPenalty","FirstDownsByPassing","FirstDownsByRushing","DrivesFieldGoalTotal","DrivesFieldGoalRougeTotal","DrivesMissedFieldGoalTotal","DrivesOutOfTimeTotal","DrivesPuntRougeTotal","DrivesPuntTotal","DrivesSafetyTotal","DrivesTouchdownTotal","DrivesTurnoverDownsTotal","DrivesTurnoverFumbleTotal","DrivesTurnoverInterceptionTotal","DrivesScoredTotal","DrivesScoredNonRougeTotal","DrivesTotal","DrivesTurnedOverTotal","DrivesScoredPercentage","DrivesScoredNonRougePercentage","DrivesTurnedOverPercentage","DrivesPuntedPercentage","DrivesStartingPositionNormalizedTotal","DrivesDurationInSecondsTotal","DrivesPlaysTotal","DrivesYardsGainedTotal","DrivesPointsScoredTotal","DrivesStartingPositionNormalizedAverage","DrivesDurationInSecondsAverage","DrivesNumberOfPlaysAverage","DrivesYardsGainedAverage","DrivesPointsScoredAverage","DrivesYardsPerPlay","FirstDownsTotal","TeamTurnoversTotal","Convert1Attempts","Convert1Blocked","Convert1HadBlocked","Convert1Made","Convert1Missed","Convert1Percentage","Convert2Score","FieldGoalAttemptsTotal","FieldGoalAttempts0to19","FieldGoalAttempts20to29","FieldGoalAttempts30to39","FieldGoalAttempts40to49","FieldGoalAttempts50Plus","FieldGoalsBlocked","FieldGoalsHadBlocked","FieldGoalsMadeTotal","FieldGoalsMade0to19","FieldGoalsMade20to29","FieldGoalsMade30to39","FieldGoalsMade40to49","FieldGoalsMade50Plus","FieldGoalsMadeLongest","FieldGoalsMissedTotal","FieldGoalsMissed0to19","FieldGoalsMissed20to29","FieldGoalsMissed30to39","FieldGoalsMissed40to49","FieldGoalsMissed50Plus","FieldGoalsPercentage","FieldGoalsRougeTotal","FumblesAdvanced","FumblesAdvancedYards","FumblesAdvancedLongest","FumblesAdvancedAverage","FumblesAdvancedTouchdown","FumblesCommitted","FumblesForced","FumblesLost","FumblesRecovered","FumblesReturned","FumblesReturnAverage","FumblesReturnLongest","FumblesReturnYards","FumblesReturnTouchdown","InterceptionsReturnAverage","InterceptionsReturnLongest","InterceptionsReturnYards","InterceptionsTotal","InterceptionsTouchdown","KickoffAverageGross","KickoffAverageNet","KickoffLongGross","KickoffLongNet","KickoffOwnTeamRecovery","KickoffRougeTotal","KickoffThroughEndZone","KickoffTotal","KickoffYardsGross","KickoffYardsNet","LateralAdvanced","LateralAdvancedYards","LateralAdvancedLongest","LateralAdvancedTouchdown","LateralMade","LateralReceived","MissedFieldGoalReturnAverage","MissedFieldGoalReturnLong","MissedFieldGoalReturnTotal","MissedFieldGoalReturnTouchdown","MissedFieldGoalReturnYards","PassesAttempts","PassesCompletions","PassesDefensed","PassesInterceptions","PassesInterceptionPercentage","PassesPercentage","PassesSackedPercentage","PassesTouchdowns","PassesTouchdownPercentage","PassesYardsGrossPerAttempt","PassesYardsGrossPerCatch","PassesYardsNetPerAttempt","PassesAttemptsPlusSacked","PassesYardsGross","PassesYardsLongest","PassTargets","PenaltiesTotal","PenaltiesYards","PuntsAverageGross","PuntsAverageNet","PuntsBlocked","PuntsHadBlocked","PuntsInside20","PuntsInside20Percentage","PuntsLongGross","PuntsLongNet","PuntsRougeTotal","PuntsTotal","PuntsYardsGross","PuntsYardsNet","ReceptionsAverageYardsPer","ReceptionsLongest","ReceptionsSafeties","ReceptionsTotal","ReceptionsTouchdowns","ReceptionsYards","ReturnsKickoffAverage","ReturnsKickoffLongest","ReturnsKickoffTotal","ReturnsKickoffTouchdown","ReturnsKickoffYards","ReturnsPuntAverage","ReturnsPuntLongest","ReturnsPuntTotal","ReturnsPuntTouchdown","ReturnsPuntYards","RushesAttempts","RushesAverageYardsPer","RushesLongest","RushesSafeties","RushesTouchdowns","RushesYards","SackedAverage","SackedLong","SackedTotal","SackedYards","SacksTotal","SacksYards","SacksAverage","SpecialTeamsTackleTotal","TacklesForLossTotal","TacklesForLossYards","TacklesForLossAverage","SafetyScoredTotal","TacklesTotal","TeamLossSafeties","TeamLossTotal","TeamLossYards","TeamLossAverage","TouchdownsScored","PointsScored","PassesYardsNet","YardsFromScrimmageGross","YardsFromScrimmageNet","AllPurposeYards","OffensiveYardsNet","Turnovers","KickingPointsScored","PuntingPointsScored","RougesScored","PasserRating","FumbleReturnOrAdvanceTotal","FumbleReturnOrAdvanceYards","FumbleReturnOrAdvanceAverage","FumbleReturnOrAdvanceTouchdown","AllKickReturnYards","AllKickReturnTotal","AllKickReturnTouchdowns","AllKickReturnAverage","season"
"1","WPG","MTL",TRUE,33,38,2013009,2013,1,"2013-06-27T21:00:00",FALSE,0,0,0,1,8,2,3,0,0,0,1,8,0,2,1,1,3,6,5,19,5,0.315789473684211,0.263157894736842,0.263157894736842,0.473684210526316,604,1612,59,292,22,31.7894736842105,84.8421052631579,3.10526315789474,15.3684210526316,1.15789473684211,4.94915254237288,11,5,3,0,0,3,0,1,0,3,0,1,1,1,0,0,0,3,0,1,1,1,0,48,0,0,0,0,0,0,1,0,0,0,0,0,0,1,0,1,0,0,0,0,0,0,46,46,46,1,0,60.8,39,65,46,0,0,0,5,304,195,0,0,0,0,0,0,0,0,0,0,0,34,19,2,3,0.0882352941176471,0.558823529411765,0.0810810810810811,2,0.0588235294117647,7.58823529411765,13.5789473684211,6.81081081081081,37,258,65,31,9,100,47.5555555555556,36.1111111111111,0,0,0,0,63,63,1,9,428,325,13.5789473684211,65,0,19,2,258,18.7142857142857,25,7,0,131,19.6,80,5,1,98,10,3.8,12,0,0,38,2,5,3,6,4,30,7.5,10,4,8,2,1,46,0,3,6,2,3,33,252,296,290,525,548,4,13,1,1,63.1,0,0,0,0,229,12,1,19.0833333333333,2013
"2","TOR","HAM",TRUE,39,34,2013010,2013,1,"2013-06-28T19:00:00",FALSE,0,0,0,4,14,4,1,1,0,0,0,5,0,5,0,0,0,7,6,12,0,0.583333333333333,0.5,0,0.416666666666667,385,1642,54,543,34,32.0833333333333,136.833333333333,4.5,45.25,2.83333333333333,10.0555555555556,22,0,5,0,0,5,0,1,0,2,0,0,0,2,0,0,0,1,0,0,0,1,0,44,1,0,0,0,1,0,0.5,1,0,0,0,0,0,0,0,0,0,0,0,0,0,0,0,0,0,0,0,64.8571428571429,32.4285714285714,74,67,0,0,0,7,454,227,0,0,0,0,0,0,0,0,0,0,0,34,24,4,0,0,0.705882352941177,0,4,0.117647058823529,10.8235294117647,15.3333333333333,10.8235294117647,34,368,73,34,9,92,34.8,31.2,0,0,0,0,46,40,0,5,174,156,15.3333333333333,73,0,24,4,368,19.3333333333333,26,6,0,116,12,19,4,0,48,13,9.30769230769231,57,0,1,121,0,0,0,0,2,16,8,8,1,3,3,0,36,0,0,0,0,5,39,368,489,489,653,857,0,9,0,1,145.2,0,0,0,0,164,10,0,16.4,2013
"3","CGY","BC",TRUE,44,32,2013011,2013,1,"2013-06-28T22:00:00",FALSE,0,0,0,1,11,12,2,0,0,1,1,4,0,5,0,1,1,8,7,15,2,0.533333333333333,0.466666666666667,0.133333333333333,0.333333333333333,668,1949,63,452,37,44.5333333333333,129.933333333333,4.2,30.1333333333333,2.46666666666667,7.17460317460317,24,2,5,0,0,5,0,1,0,2,0,1,1,0,0,0,0,2,0,1,1,0,0,39,0,0,0,0,0,0,1,0,0,0,0,0,0,1,0,1,1,0,0,0,0,0,0,0,0,1,0,65.6666666666667,48.5,73,58,0,0,0,6,394,291,0,0,0,0,0,0,0,0,0,0,0,27,19,6,1,0.037037037037037,0.703703703703704,0,3,0.111111111111111,8.77777777777778,12.4736842105263,8.77777777777778,27,237,34,26,3,54,46.4,39.8,0,0,0,0,59,54,1,5,232,199,12.4736842105263,34,0,19,3,237,19.6,30,5,0,98,13.5,34,6,0,81,28,7.14285714285714,23,0,2,200,0,0,0,0,3,14,4.66666666666667,10,3,11,3.66666666666667,1,31,0,1,1,1,5,44,237,437,436,616,674,2,12,1,1,118.9,0,0,0,0,179,11,0,16.2727272727273,2013
"4","EDM","SSK",TRUE,18,39,2013012,2013,1,"2013-06-29T15:30:00",FALSE,0,1,1,2,16,5,3,1,0,0,0,8,0,1,1,0,2,5,4,16,3,0.3125,0.25,0.1875,0.5,517,1616,75,407,16,32.3125,101,4.6875,25.4375,1,5.42666666666667,23,5,0,0,0,0,0,0,0,4,0,2,1,1,0,0,0,3,0,1,1,1,0,40,1,0,1,0,0,0,0.75,1,0,0,0,0,0,2,1,1,1,0,0,0,0,0,0,0,0,0,0,54,38.6666666666667,75,54,1,0,0,3,162,116,0,0,0,0,0,0,0,0,0,0,0,46,23,1,3,0.0652173913043478,0.5,0.0612244897959184,1,0.0217391304347826,7.15217391304348,14.304347826087,6.40816326530612,49,329,46,43,13,90,44.75,39,0,0,0,0,51,43,0,8,358,312,14.304347826087,46,0,23,1,329,16.8333333333333,25,6,0,101,7.16666666666667,14,6,0,43,15,5.86666666666667,13,0,0,88,5,8,3,15,1,12,12,10,3,8,2.66666666666667,1,39,0,3,15,5,1,18,314,417,402,561,731,4,10,0,1,53.6,0,0,0,0,144,12,0,12,2013
"5","MTL","WPG",TRUE,11,19,2013013,2013,2,"2013-07-04T19:00:00",FALSE,0,0,0,1,5,3,1,0,1,1,1,12,0,1,0,1,1,3,2,19,2,0.157894736842105,0.105263157894737,0.105263157894737,0.684210526315789,771,1554,63,170,10,40.5789473684211,81.7894736842105,3.31578947368421,8.94736842105263,0.526315789473684,2.6984126984127,9,3,1,0,0,1,0,1,0,2,1,0,0,1,0,0,0,1,1,0,0,0,0,15,1,0,0,0,1,0,0.5,0,0,0,0,0,0,1,4,1,4,4,0,0,0,0,0,0,0,1,0,64,40.5,64,42,0,0,0,2,128,81,0,0,0,0,0,0,35,35,1,0,35,28,16,2,2,0.0714285714285714,0.571428571428571,0.2,1,0.0357142857142857,4.32142857142857,7.5625,2.34285714285714,35,121,21,26,8,70,45.5,40,0,0,0,0,67,67,1,14,637,560,7.5625,21,0,16,1,121,19.3333333333333,27,3,0,58,15.6666666666667,37,6,0,94,12,3.33333333333333,11,0,0,40,5.57142857142857,9,7,39,5,22,4.4,9,5,19,3.8,0,48,0,7,39,5.57142857142857,1,11,82,161,122,348,243,3,5,1,1,49.9,4,0,0,0,187,10,0,18.7,2013
"6","BC","TOR",TRUE,24,16,2013014,2013,2,"2013-07-04T22:00:00",FALSE,0,0,0,2,12,9,3,1,0,1,0,6,0,2,0,0,1,6,5,14,1,0.428571428571429,0.357142857142857,0.0714285714285714,0.428571428571429,618,2063,73,417,22,44.1428571428571,147.357142857143,5.21428571428571,29.7857142857143,1.57142857142857,5.71232876712329,23,2,2,0,0,2,0,1,0,4,0,2,2,0,0,0,0,3,0,2,1,0,0,34,1,0,0,1,0,0,0.75,1,0,0,0,0,0,1,1,1,1,1,3,3,3,0,0,0,0,0,0,58.25,40.75,63,48,0,0,0,4,233,163,0,0,0,0,0,0,0,0,0,0,0,34,20,1,1,0.0294117647058824,0.588235294117647,0.0810810810810811,1,0.0294117647058824,7.32352941176471,12.45,6.40540540540541,37,249,44,33,3,35,42.2,38.6,0,1,0,0,50,43,0,5,211,193,12.45,44,0,20,1,249,7.4,18,5,0,37,2.25,10,8,0,18,25,6.4,30,0,1,160,4,5,3,12,1,7,7,5,2,2,1,0,36,0,5,13,2.6,2,24,237,409,396,464,646,2,12,0,1,79.2,1,3,3,0,55,13,0,4.23076923076923,2013
"7","SSK","CGY",TRUE,36,21,2013015,2013,2,"2013-07-05T21:00:00",FALSE,0,2,0,4,13,11,4,0,0,1,1,2,0,3,0,0,0,8,7,11,0,0.727272727272727,0.636363636363636,0,0.272727272727273,425,2149,70,455,31,38.6363636363636,195.363636363636,6.36363636363636,41.3636363636364,2.81818181818182,6.5,28,0,1,0,0,1,0,1,2,4,1,1,2,0,0,0,0,4,1,1,2,0,0,38,0,0,0,0,0,0,1,0,0,0,0,0,0,0,0,0,0,0,0,0,0,0,0,0,0,1,0,68.5,46.5,73,54,0,0,0,4,274,186,0,0,0,0,0,0,0,0,0,0,0,34,26,2,0,0,0.764705882352941,0.0555555555555556,2,0.0588235294117647,7.58823529411765,9.92307692307692,6.83333333333333,36,258,32,34,4,35,51.3333333333333,49,0,0,0,0,62,62,1,3,154,147,9.92307692307692,32,0,26,2,258,25,29,4,0,100,12.3333333333333,27,6,0,74,29,5.20689655172414,18,0,1,151,6,9,2,12,2,6,3,5,0,0,0,0,35,0,2,12,6,3,36,246,409,397,583,655,0,14,1,1,117,0,0,0,0,174,10,0,17.4,2013
"8","HAM","EDM",TRUE,20,30,2013016,2013,2,"2013-07-07T17:00:00",FALSE,0,0,0,4,9,5,2,0,1,1,0,6,0,2,1,0,2,4,4,16,3,0.25,0.25,0.1875,0.375,794,1782,66,271,16,49.625,111.375,4.125,16.9375,1,4.10606060606061,18,4,2,0,0,2,0,1,0,3,0,1,1,1,0,0,0,2,0,1,1,0,0,39,1,0,0,0,1,0,0.666666666666667,0,0,0,0,0,0,5,3,1,5,0,0,0,0,0,0,0,0,0,0,62,36.75,69,51,0,0,0,4,248,147,0,0,0,0,0,0,0,0,0,0,0,36,19,2,2,0.0555555555555556,0.527777777777778,0.1,1,0.0277777777777778,6.5,12.3157894736842,4.875,40,234,40,34,13,120,44.5,38,0,0,0,0,54,42,0,6,267,228,12.3157894736842,40,0,19,1,234,30.8,68,5,0,154,6.125,19,8,0,49,15,4.4,11,0,1,66,9.75,14,4,39,1,13,13,8,2,3,1.5,0,31,1,6,41,6.83333333333333,2,20,195,300,259,503,495,3,8,0,0,59.3,0,0,0,0,203,13,0,15.6153846153846,2013
"9","TOR","SSK",TRUE,28,39,2013017,2013,3,"2013-07-11T19:30:00",FALSE,0,0,0,2,19,6,2,0,1,1,0,7,0,3,1,0,0,5,5,15,1,0.333333333333333,0.333333333333333,0.0666666666666667,0.466666666666667,391,1737,75,513,24,26.0666666666667,115.8,5,34.2,1.6,6.84,27,1,3,0,0,3,0,1,0,3,0,0,0,3,0,0,0,2,0,0,0,2,0,44,1,0,0,0,1,0,0.666666666666667,1,0,0,0,0,0,0,1,0,1,1,0,0,0,0,0,0,0,0,0,49.8,34.8,62,47,0,0,0,5,249,174,0,0,0,0,0,0,0,0,0,0,0,46,33,2,0,0,0.717391304347826,0.0980392156862745,2,0.0434782608695652,9.58695652173913,13.3636363636364,8.09803921568627,51,441,48,46,9,68,41.4285714285714,33,0,0,0,0,47,37,0,7,290,231,13.3636363636364,48,0,33,2,441,17,28,6,0,102,4.75,7,4,0,19,14,5.42857142857143,22,0,1,76,5.6,10,5,28,1,9,9,10,2,2,1,0,42,0,5,28,5.6,3,28,413,517,489,638,930,0,10,0,1,116.3,1,0,0,0,121,10,0,12.1,2013
"10","MTL","CGY",TRUE,14,22,2013018,2013,3,"2013-07-12T19:30:00",FALSE,0,0,0,0,9,5,0,0,0,0,0,8,0,1,2,1,1,1,1,13,4,0.0769230769230769,0.0769230769230769,0.307692307692308,0.615384615384615,411,1393,58,240,6,31.6153846153846,107.153846153846,4.46153846153846,18.4615384615385,0.461538461538462,4.13793103448276,14,4,2,0,0,2,0,1,0,0,0,0,0,0,0,0,0,0,0,0,0,0,0,0,0,0,0,0,0,0,0,0,0,0,0,0,0,1,1,1,1,1,38,38,38,1,0,0,0,0,0,64.6666666666667,41,65,44,0,0,0,3,194,123,0,0,0,0,0,0,0,0,0,0,0,36,22,1,1,0.0277777777777778,0.611111111111111,0.0526315789473684,1,0.0277777777777778,5.69444444444444,9.31818181818182,5.05263157894737,38,205,33,35,11,143,39.25,34.875,1,0,0,0,46,44,0,8,314,279,9.31818181818182,33,0,22,1,205,22.5,23,2,0,45,2,3,4,0,8,12,4.41666666666667,21,0,0,53,6.5,8,2,13,6,43,7.16666666666667,6,2,8,4,0,51,0,2,13,6.5,2,14,192,258,245,311,450,2,2,0,0,74.4,1,38,38,1,53,6,0,8.83333333333333,2013
"11","HAM","WPG",TRUE,25,20,2013019,2013,3,"2013-07-13T18:30:00",FALSE,0,0,0,1,16,4,2,2,0,1,2,6,0,2,0,0,0,8,4,15,0,0.533333333333333,0.266666666666667,0,0.533333333333333,687,1931,67,387,22,45.8,128.733333333333,4.46666666666667,25.8,1.46666666666667,5.77611940298507,21,0,2,0,0,2,0,1,0,4,0,3,0,1,0,0,0,2,0,2,0,0,0,24,2,0,1,0,1,0,0.5,2,0,0,0,0,0,0,0,0,0,0,0,0,0,0,4,4,4,1,0,73.6666666666667,51.3333333333333,86,86,0,1,0,3,221,154,0,0,0,0,0,0,0,0,0,0,0,32,26,3,0,0,0.8125,0.179487179487179,2,0.0625,11.3125,13.9230769230769,8.1025641025641,39,362,61,32,7,65,50.125,41.5,0,0,0,0,68,68,2,8,401,332,13.9230769230769,61,0,26,2,362,19.5,23,2,0,39,9,16,4,0,36,15,5.06666666666667,15,0,0,76,6.57142857142857,13,7,46,6,42,7,5,4,23,5.75,0,35,0,8,47,5.875,2,25,316,438,391,513,754,0,13,2,5,134.6,0,0,0,0,75,6,0,12.5,2013
"12","EDM","BC",TRUE,3,17,2013020,2013,3,"2013-07-13T21:30:00",FALSE,0,0,0,0,3,6,1,0,0,2,0,8,0,0,1,0,1,1,1,14,2,0.0714285714285714,0.0714285714285714,0.142857142857143,0.571428571428571,714,1648,60,102,1,51,117.714285714286,4.28571428571429,7.28571428571429,0.0714285714285714,1.7,9,2,0,0,0,0,0,0,0,1,0,0,1,0,0,0,0,1,0,0,1,0,0,32,0,0,0,0,0,0,1,0,0,0,0,0,0,2,1,0,2,0,0,0,0,0,0,0,0,0,0,61.5,48,64,51,0,0,0,2,123,96,0,0,0,0,0,0,0,0,0,0,0,23,13,3,1,0.0434782608695652,0.565217391304348,0.115384615384615,0,0,4.21739130434783,7.46153846153846,3.53846153846154,26,97,18,22,11,103,39.375,34.625,1,0,0,0,48,43,0,8,315,277,7.46153846153846,18,0,13,0,97,30.5,40,2,0,61,9.33333333333333,17,6,0,56,20,4.05,13,0,0,81,1.66666666666667,3,3,5,2,13,6.5,9,4,9,2.25,0,42,1,8,33,4.125,0,3,92,178,145,295,270,1,3,0,0,48.6,0,0,0,0,117,8,0,14.625,2013
"13","WPG","TOR",TRUE,19,35,2013021,2013,4,"2013-07-19T20:00:00",FALSE,0,1,0,0,8,5,2,1,0,0,0,8,0,1,1,1,1,4,3,15,3,0.266666666666667,0.2,0.2,0.533333333333333,466,1616,60,335,13,31.0666666666667,107.733333333333,4,22.3333333333333,0.866666666666667,5.58333333333333,13,3,0,0,0,0,0,0,1,3,0,1,2,0,0,0,0,3,0,1,2,0,0,34,0,0,0,0,0,0,1,0,0,0,0,0,0,2,1,1,2,1,0,0,0,0,0,0,0,0,0,48.75,32.75,69,45,0,0,0,4,195,131,0,0,0,0,0,0,8,13,2,0,16,29,23,1,1,0.0344827586206897,0.793103448275862,0.0645161290322581,0,0,10.6551724137931,13.4347826086957,9.70967741935484,31,309,47,28,8,90,42.25,39,1,0,0,0,55,51,0,8,338,312,13.4347826086957,47,0,23,0,309,14.7142857142857,21,7,0,103,4,7,2,0,8,18,3.55555555555556,17,0,1,64,4,5,2,8,1,2,2,9,1,2,2,1,43,0,3,13,4.33333333333333,1,19,301,373,360,500,674,2,9,0,0,96.7,1,0,0,0,127,11,0,11.5454545454545,2013
"14","CGY","MTL",TRUE,38,27,2013022,2013,4,"2013-07-20T19:00:00",FALSE,0,2,2,1,13,11,4,0,1,0,0,6,0,4,0,0,1,8,8,16,1,0.5,0.5,0.0625,0.375,713,2052,73,463,36,44.5625,128.25,4.5625,28.9375,2.25,6.34246575342466,25,2,2,0,0,2,0,1,0,4,1,2,0,1,0,0,1,4,1,2,0,1,0,41,0,0,0,0,0,0,1,0,0,0,0,0,0,1,1,1,1,1,0,0,0,0,0,0,0,0,0,70.6666666666667,35.1666666666667,77,59,0,0,0,6,424,211,0,0,0,0,0,0,0,0,0,0,0,40,25,3,1,0.025,0.625,0.0476190476190476,3,0.075,6.325,10.12,5.66666666666667,42,253,45,39,8,103,46.3333333333333,33.5,0,0,0,0,56,45,0,6,278,201,10.12,45,0,25,3,253,22.75,33,4,0,91,8.2,17,5,0,41,22,7.95454545454545,26,0,1,175,7.5,8,2,15,3,19,6.33333333333333,11,2,2,1,0,34,0,3,26,8.66666666666667,4,38,238,428,402,560,666,2,14,0,0,95.1,1,0,0,0,132,9,0,14.6666666666667,2013
"15","BC","EDM",TRUE,31,21,2013023,2013,4,"2013-07-20T22:00:00",FALSE,0,0,0,1,11,12,1,0,0,2,0,4,0,4,0,0,1,5,5,12,1,0.416666666666667,0.416666666666667,0.0833333333333333,0.333333333333333,498,1889,60,442,27,41.5,157.416666666667,5,36.8333333333333,2.25,7.36666666666667,24,1,4,0,0,4,0,1,0,1,0,0,1,0,0,0,0,1,0,0,1,0,0,37,0,0,0,0,0,0,1,0,0,0,0,0,0,0,0,0,0,0,0,0,0,0,2,2,2,1,0,58.2,43,62,49,0,0,0,5,291,215,0,0,0,0,0,0,0,0,0,0,0,24,18,1,1,0.0416666666666667,0.75,0.04,1,0.0416666666666667,11.8333333333333,15.7777777777778,11.04,25,284,77,23,3,30,42,35.75,0,0,0,0,47,48,0,4,168,143,15.7777777777778,77,0,18,1,284,13,21,5,0,65,5.66666666666667,13,3,0,17,27,5.03703703703704,22,0,3,136,8,8,1,8,3,16,5.33333333333333,9,1,3,3,0,39,0,4,10,2.5,4,31,276,420,410,502,696,1,7,0,0,110.4,0,0,0,0,82,8,0,10.25,2013
"16","SSK","HAM",TRUE,37,0,2013024,2013,4,"2013-07-21T19:00:00",FALSE,0,0,0,3,16,10,3,0,0,1,0,6,0,4,0,0,0,7,7,14,0,0.5,0.5,0,0.428571428571429,608,2049,70,521,33,43.4285714285714,146.357142857143,5,37.2142857142857,2.35714285714286,7.44285714285714,29,0,4,0,0,4,0,1,0,3,2,0,0,1,0,0,0,3,2,0,0,1,0,47,0,0,0,0,0,0,1,0,0,0,0,0,0,0,1,0,1,1,0,0,0,0,0,0,0,1,0,75,61,95,95,0,0,1,6,450,366,0,0,0,0,0,0,0,0,0,0,0,32,20,2,0,0,0.625,0,4,0.125,10.84375,17.35,10.84375,32,347,60,30,9,99,30.8333333333333,31.3333333333333,0,0,0,0,48,46,0,6,185,188,17.35,60,0,20,4,347,0,0,0,0,0,9.375,19,8,0,75,27,5.66666666666667,18,0,0,153,0,0,0,0,5,34,6.8,8,0,0,0,0,29,0,2,4,2,4,37,347,500,496,575,847,0,13,0,0,138.9,1,0,0,0,75,8,0,9.375,2013
"17","MTL","EDM",TRUE,32,27,2013025,2013,5,"2013-07-25T19:30:00",FALSE,0,0,0,0,11,8,6,0,0,0,0,7,0,2,0,1,0,8,8,16,1,0.5,0.5,0.0625,0.4375,743,2075,70,369,30,46.4375,129.6875,4.375,23.0625,1.875,5.27142857142857,19,2,2,0,0,2,0,1,0,6,2,2,2,0,0,0,0,6,2,2,2,0,0,32,0,0,0,0,0,0,1,0,0,0,0,0,0,3,0,2,1,0,0,0,0,0,13,21,26,2,0,61.6666666666667,40,67,43,0,0,0,3,185,120,0,0,0,0,0,0,0,0,0,0,0,29,19,2,0,0,0.655172413793103,0.0645161290322581,1,0.0344827586206897,6.96551724137931,10.6315789473684,6.09677419354839,31,202,24,29,8,60,47.8571428571429,31.7142857142857,0,0,0,0,54,49,0,7,335,222,10.6315789473684,24,0,19,1,202,25.5,34,4,0,102,7,16,6,0,42,26,6.53846153846154,25,0,1,170,6.5,8,2,13,3,23,7.66666666666667,9,3,5,1.66666666666667,0,33,0,2,13,6.5,2,32,189,372,359,516,561,2,20,0,0,97.2,0,0,0,0,144,10,0,14.4,2013
"18","WPG","CGY",TRUE,24,37,2013026,2013,5,"2013-07-26T20:00:00",FALSE,0,0,0,4,12,7,1,0,0,0,0,6,0,3,1,1,1,4,4,13,3,0.307692307692308,0.307692307692308,0.230769230769231,0.461538461538462,562,1301,61,308,21,43.2307692307692,100.076923076923,4.69230769230769,23.6923076923077,1.61538461538462,5.04918032786885,23,3,3,0,0,3,0,1,0,1,0,0,0,1,0,0,0,1,0,0,0,1,0,41,0,0,0,0,0,0,1,0,0,0,0,0,0,1,0,1,0,0,0,0,0,0,0,0,0,0,0,46.6,26.4,63,47,0,0,0,5,233,132,0,0,0,0,0,0,0,0,0,0,0,35,19,1,1,0.0285714285714286,0.542857142857143,0.0789473684210526,2,0.0571428571428571,5.54285714285714,10.2105263157895,4.76315789473684,38,194,40,34,6,45,42.1666666666667,38.3333333333333,0,0,0,0,49,47,0,6,253,230,10.2105263157895,40,0,19,2,194,16,18,4,0,64,9.5,11,2,0,19,16,5.625,15,0,1,90,4.33333333333333,7,3,13,1,8,8,9,4,5,1.25,0,58,0,3,13,4.33333333333333,3,24,181,284,271,367,465,2,6,0,0,77.6,0,0,0,0,83,6,0,13.8333333333333,2013
"19","HAM","SSK",TRUE,20,32,2013027,2013,5,"2013-07-27T19:30:00",FALSE,0,0,0,0,15,5,2,0,0,0,0,6,0,2,3,2,0,4,4,16,5,0.25,0.25,0.3125,0.375,459,1742,69,401,16,28.6875,108.875,4.3125,25.0625,1,5.81159420289855,20,5,2,0,0,2,0,1,0,2,1,0,1,0,0,0,0,2,1,0,1,0,0,36,0,0,0,0,0,0,1,0,0,0,0,0,0,2,2,2,0,0,0,0,0,0,0,0,0,0,0,61.2,41.4,68,52,0,0,0,5,306,207,0,0,0,0,0,0,0,0,0,0,0,41,26,4,0,0,0.634146341463415,0.145833333333333,2,0.0487804878048781,9.63414634146342,15.1923076923077,7.0625,48,395,51,41,6,64,40.8333333333333,34.5,0,0,0,0,47,42,0,6,245,207,15.1923076923077,51,0,26,2,395,23.6,29,5,0,118,4.57142857142857,8,7,0,32,12,6.16666666666667,18,0,0,74,8,11,7,56,3,17,5.66666666666667,8,1,1,1,0,42,1,8,58,7.25,2,20,339,469,411,619,808,2,8,0,0,111.3,0,0,0,0,150,12,0,12.5,2013
"20","TOR","BC",TRUE,38,12,2013028,2013,5,"2013-07-30T19:30:00",FALSE,0,0,0,2,12,8,1,0,1,1,0,4,0,5,0,1,0,6,6,13,1,0.461538461538462,0.461538461538462,0.0769230769230769,0.307692307692308,641,1749,56,348,33,49.3076923076923,134.538461538462,4.30769230769231,26.7692307692308,2.53846153846154,6.21428571428571,22,1,5,0,0,5,0,1,0,2,0,1,0,1,0,0,0,1,0,1,0,0,0,20,1,0,0,0,1,0,0.5,0,0,0,0,0,0,2,3,1,2,2,8,16,16,0,9,9,9,1,0,58.1666666666667,39.8333333333333,59,53,0,0,0,6,349,239,0,0,0,0,0,0,0,0,0,0,0,25,21,1,0,0,0.84,0.0740740740740741,3,0.12,10.12,12.047619047619,8.81481481481481,27,253,34,25,5,45,35.5,34,0,0,0,0,41,40,0,4,142,136,12.047619047619,34,0,21,3,253,24.25,33,4,0,97,4.33333333333333,6,3,0,13,20,5.1,14,0,2,102,7.5,14,2,15,3,11,3.66666666666667,6,1,1,1,0,42,0,5,22,4.4,5,38,238,355,333,465,593,1,8,0,0,148.4,2,16,8,0,110,7,0,15.7142857142857,2013
"21","EDM","HAM",TRUE,29,30,2013029,2013,6,"2013-08-02T21:00:00",FALSE,0,1,1,3,14,6,2,0,1,0,0,6,0,3,0,0,0,5,5,12,0,0.416666666666667,0.416666666666667,0,0.5,391,1509,60,468,24,32.5833333333333,125.75,5,39,2,7.8,23,0,2,0,0,2,0,1,0,3,0,1,1,0,1,0,0,2,0,1,1,0,0,38,1,0,0,0,0,1,0.666666666666667,1,0,0,0,0,0,2,0,0,2,0,0,0,0,0,0,0,0,1,0,63,42.6666666666667,67,61,0,0,0,6,378,256,0,0,0,0,0,0,0,0,0,0,0,35,22,1,0,0,0.628571428571429,0.0277777777777778,2,0.0571428571428571,8.97142857142857,14.2727272727273,8.58333333333333,36,314,40,35,5,62,48.1666666666667,38.6666666666667,0,0,0,0,55,44,0,6,289,232,14.2727272727273,40,0,22,2,314,20,31,5,0,100,6.66666666666667,10,3,0,20,15,4.73333333333333,22,0,1,71,5,5,1,5,4,27,6.75,10,2,6,3,1,51,0,2,8,4,3,29,309,385,377,505,694,0,9,0,1,110.9,0,0,0,0,120,8,0,15,2013
"22","BC","WPG",TRUE,27,20,2013030,2013,6,"2013-08-05T19:00:00",FALSE,0,0,0,2,17,2,1,1,1,2,0,8,0,3,0,1,0,5,4,17,1,0.294117647058824,0.235294117647059,0.0588235294117647,0.470588235294118,976,1935,71,325,22,57.4117647058824,113.823529411765,4.17647058823529,19.1176470588235,1.29411764705882,4.57746478873239,21,2,3,0,0,3,0,1,0,3,0,1,0,2,0,0,0,1,0,1,0,0,0,27,2,0,0,0,2,0,0.333333333333333,1,0,0,0,0,0,2,1,2,1,1,0,0,0,0,17,17,17,1,0,59.8,37.6,61,44,0,0,0,5,299,188,0,0,0,0,0,0,0,0,0,0,0,39,28,3,0,0,0.717948717948718,0.0930232558139535,3,0.0769230769230769,6.87179487179487,9.57142857142857,5.74418604651163,43,268,20,39,8,87,37.25,33.375,0,0,0,0,46,46,0,8,298,267,9.57142857142857,20,0,28,3,268,20.5,26,4,0,82,5.66666666666667,17,6,0,34,15,4.6,11,0,0,69,5.25,10,4,21,2,15,7.5,10,0,0,0,1,39,0,6,22,3.66666666666667,3,27,247,337,315,453,584,2,7,0,1,116.2,1,0,0,0,116,10,0,11.6,2013
"23","MTL","TOR",TRUE,13,38,2013031,2013,7,"2013-08-08T19:30:00",FALSE,0,0,0,2,8,8,2,0,1,1,0,5,0,1,1,3,1,3,3,15,5,0.2,0.2,0.333333333333333,0.333333333333333,487,1484,60,339,12,32.4666666666667,98.9333333333333,4,22.6,0.8,5.65,18,7,1,0,0,1,0,1,0,3,1,0,0,2,0,0,0,2,1,0,0,1,0,48,1,0,0,0,1,0,0.666666666666667,0,0,0,0,0,0,5,1,5,0,0,0,0,0,0,0,0,0,0,0,64,48.5,67,53,0,0,0,2,128,97,0,0,0,0,0,0,0,0,0,0,0,32,18,1,1,0.03125,0.5625,0.0588235294117647,1,0.03125,7.34375,13.0555555555556,6.26470588235294,34,235,48,31,6,50,42.2,32.8,0,0,0,0,46,39,0,5,211,164,13.0555555555556,48,0,18,1,235,20.8,24,5,0,104,4.16666666666667,12,6,0,25,17,6.05882352941176,13,0,0,103,11,13,2,22,1,7,7,5,3,6,2,0,46,0,3,25,8.33333333333333,1,13,213,338,313,467,551,6,7,0,0,77,0,0,0,0,129,11,0,11.7272727272727,2013
"24","CGY","SSK",TRUE,42,27,2013032,2013,7,"2013-08-09T21:00:00",FALSE,0,0,0,5,10,14,2,0,0,1,0,7,0,5,0,0,0,7,7,15,0,0.466666666666667,0.466666666666667,0,0.466666666666667,541,1902,69,490,36,36.0666666666667,126.8,4.6,32.6666666666667,2.4,7.10144927536232,29,0,5,0,1,4,1,0.8,0,2,0,1,1,0,0,0,0,2,0,1,1,0,0,30,0,0,0,0,0,0,1,0,0,0,0,0,0,2,3,0,4,2,0,0,0,0,0,0,0,0,0,68.8333333333333,50.6666666666667,79,79,0,0,0,6,413,304,0,0,0,0,0,0,0,0,0,0,0,29,21,3,0,0,0.724137931034483,0.0333333333333333,1,0.0344827586206897,7.51724137931035,10.3809523809524,6.96666666666667,30,218,25,29,6,50,47,43.2857142857143,0,0,0,0,58,58,0,7,329,303,10.3809523809524,25,0,21,1,218,21.75,24,4,0,87,6.5,16,6,0,39,26,8.57692307692308,53,0,4,223,9,9,1,9,4,11,2.75,10,1,4,4,1,34,0,5,12,2.4,5,42,209,441,429,567,650,0,10,0,0,105.2,2,0,0,0,126,10,0,12.6,2013
"25","WPG","HAM",TRUE,18,37,2013033,2013,8,"2013-08-16T20:00:00",FALSE,0,0,0,4,11,3,1,0,0,1,1,6,0,1,1,1,2,3,2,14,4,0.214285714285714,0.142857142857143,0.285714285714286,0.5,360,1615,60,343,10,25.7142857142857,115.357142857143,4.28571428571429,24.5,0.714285714285714,5.71666666666667,18,4,2,0,0,2,0,1,0,1,1,0,0,0,0,0,0,1,1,0,0,0,0,18,0,0,0,0,0,0,1,0,0,0,0,0,0,1,1,1,1,1,54,54,54,1,0,0,0,0,0,50,39,65,50,0,0,0,4,200,156,0,0,0,0,0,0,28,28,1,0,28,32,20,1,2,0.0625,0.625,0.0588235294117647,1,0.03125,7.8125,12.5,7.08823529411765,34,250,60,30,11,137,45.1428571428571,41.1428571428571,0,0,0,0,66,66,1,7,316,288,12.5,60,0,20,1,250,23,39,5,0,115,10.25,18,4,0,41,18,3.94444444444444,17,0,0,71,4.5,6,2,9,3,11,3.66666666666667,7,2,6,3,0,41,0,2,9,4.5,2,18,241,321,312,505,562,3,6,1,1,71.1,1,54,54,1,184,10,0,18.4,2013
"26","SSK","MTL",TRUE,24,21,2013034,2013,8,"2013-08-17T16:00:00",FALSE,0,0,0,2,10,6,2,0,0,0,2,9,0,2,0,2,0,6,4,17,2,0.352941176470588,0.235294117647059,0.117647058823529,0.647058823529412,691,1773,70,333,20,40.6470588235294,104.294117647059,4.11764705882353,19.5882352941176,1.17647058823529,4.75714285714286,18,4,2,0,0,2,0,1,0,2,0,1,1,0,0,0,0,2,0,1,1,0,0,36,0,0,0,0,0,0,1,0,0,0,0,0,0,5,2,4,2,1,0,0,0,0,0,0,0,2,0,64.5,45,67,56,0,0,0,4,258,180,0,0,0,0,0,0,11,11,1,0,11,32,18,5,0,0,0.5625,0.0588235294117647,2,0.0625,7.8125,13.8888888888889,7.17647058823529,34,250,65,32,12,135,48.1818181818182,44.8181818181818,0,0,0,0,68,68,2,11,530,493,13.8888888888889,65,0,18,2,250,25,43,4,0,100,13.6,38,5,0,68,23,4.04347826086957,14,0,0,93,3,6,2,6,0,0,0,10,4,9,2.25,1,33,0,2,6,3,2,24,244,343,337,522,587,4,10,2,2,102.3,1,0,0,0,179,10,0,17.9,2013
"27","BC","CGY",TRUE,26,22,2013035,2013,8,"2013-08-17T21:00:00",FALSE,0,0,0,1,9,5,1,0,0,1,0,9,0,2,0,1,3,3,3,18,4,0.166666666666667,0.166666666666667,0.222222222222222,0.5,594,1529,60,294,13,33,84.9444444444444,3.33333333333333,16.3333333333333,0.722222222222222,4.9,15,4,3,0,0,3,0,1,0,1,0,1,0,0,0,0,0,1,0,1,0,0,0,24,0,0,0,0,0,0,1,0,0,0,0,0,0,1,2,1,1,1,5,5,5,0,0,0,0,0,0,59.6666666666667,38.8333333333333,62,45,0,0,0,6,358,233,0,0,0,0,0,0,0,0,0,0,0,28,16,0,3,0.107142857142857,0.571428571428571,0.0344827586206897,1,0.0357142857142857,7.96428571428571,13.9375,7.48275862068965,29,223,40,25,7,91,41.7777777777778,37.7777777777778,0,0,0,0,48,48,0,9,376,340,13.9375,40,0,16,1,223,35,97,4,1,140,8,19,9,0,72,18,4.38888888888889,12,0,1,79,6,6,1,6,1,3,3,12,5,25,5,1,43,1,4,16,4,3,26,217,302,286,514,519,4,6,0,0,55.2,1,5,5,0,212,13,1,16.3076923076923,2013
"28","TOR","EDM",TRUE,36,33,2013036,2013,8,"2013-08-18T19:00:00",FALSE,0,0,0,2,19,4,2,0,1,0,0,6,0,4,0,0,0,6,6,13,0,0.461538461538462,0.461538461538462,0,0.461538461538462,506,1742,60,531,30,38.9230769230769,134,4.61538461538461,40.8461538461538,2.30769230769231,8.85,25,0,4,0,0,4,0,1,0,3,0,2,0,1,0,0,0,2,0,2,0,0,0,26,1,0,0,0,1,0,0.666666666666667,0,0,0,0,0,0,2,0,0,2,0,0,0,0,0,0,0,0,0,0,62.4,38.6,70,55,0,0,0,5,312,193,0,0,0,0,0,0,0,0,0,0,0,36,31,4,0,0,0.861111111111111,0.0526315789473684,4,0.111111111111111,12.7222222222222,14.7741935483871,11.9210526315789,38,458,49,36,6,59,38.3333333333333,36.1666666666667,0,0,0,0,57,54,0,6,230,217,14.7741935483871,49,0,31,4,458,16.6666666666667,25,6,0,100,11.5,21,4,0,46,13,5.07692307692308,26,0,0,66,2.5,5,2,5,2,4,2,5,2,3,1.5,1,44,0,2,5,2.5,4,36,453,524,519,670,977,0,10,0,0,155.8,0,0,0,0,146,10,0,14.6,2013
"29","MTL","BC",TRUE,39,38,2013037,2013,9,"2013-08-22T19:30:00",FALSE,0,1,1,0,11,8,4,0,1,0,0,3,0,3,0,1,5,7,7,18,6,0.388888888888889,0.388888888888889,0.333333333333333,0.166666666666667,694,1818,69,395,28,38.5555555555556,101,3.83333333333333,21.9444444444444,1.55555555555556,5.72463768115942,19,6,3,0,0,3,0,1,0,5,1,0,2,2,0,0,0,4,1,0,2,1,0,42,1,0,0,0,1,0,0.8,0,0,0,0,0,0,4,1,1,2,0,0,0,0,0,4,4,4,1,0,61.75,40.5,65,48,0,0,0,8,494,324,0,0,0,0,0,0,0,0,0,0,0,35,15,2,5,0.142857142857143,0.428571428571429,0.102564102564103,1,0.0285714285714286,9.48571428571429,22.1333333333333,7.64102564102564,39,332,86,30,15,120,43.6666666666667,30.3333333333333,0,0,0,0,46,40,0,3,131,91,22.1333333333333,86,0,15,1,332,39.2,90,5,1,196,11.1428571428571,37,7,0,78,22,6.13636363636364,16,0,2,135,8.5,15,4,34,5,32,6.4,10,3,8,2.66666666666667,0,37,1,5,77,15.4,4,39,298,467,390,741,765,6,15,0,0,47.3,0,0,0,0,274,12,1,22.8333333333333,2013
"30","TOR","CGY",TRUE,14,35,2013038,2013,9,"2013-08-23T19:30:00",FALSE,0,0,0,1,12,6,0,0,0,1,0,6,0,2,1,1,2,2,2,15,4,0.133333333333333,0.133333333333333,0.266666666666667,0.4,488,1479,58,318,8,32.5333333333333,98.6,3.86666666666667,21.2,0.533333333333333,5.48275862068965,19,4,2,0,0,2,0,1,0,0,0,0,0,0,0,0,0,0,0,0,0,0,0,0,0,0,0,0,0,0,0,0,0,0,0,0,0,2,1,1,2,1,0,0,0,0,0,0,0,0,0,60.2,39.4,63,63,0,0,0,5,301,197,0,0,0,0,0,0,0,0,0,0,0,33,21,3,2,0.0606060606060606,0.636363636363636,0.108108108108108,1,0.0303030303030303,8.39393939393939,13.1904761904762,6.97297297297297,37,277,39,31,8,113,40.5,37.8333333333333,0,0,0,0,44,44,0,6,243,227,13.1904761904762,39,0,21,1,277,21.6,28,5,0,108,1,11,5,0,5,13,5.69230769230769,19,0,1,74,4.75,7,4,19,1,1,1,5,4,9,2.25,0,51,2,6,28,4.66666666666667,2,14,258,351,323,464,609,3,2,0,0,74.9,1,0,0,0,113,10,0,11.3,2013
"31","HAM","WPG",TRUE,37,14,2013039,2013,9,"2013-08-24T13:00:00",FALSE,0,0,0,0,18,9,3,0,1,1,0,6,0,3,0,0,2,6,6,16,2,0.375,0.375,0.125,0.375,668,2103,70,450,27,41.75,131.4375,4.375,28.125,1.6875,6.42857142857143,27,3,4,0,0,4,0,1,0,4,1,0,0,3,0,0,0,3,1,0,0,2,0,42,1,0,0,0,1,0,0.75,0,0,0,0,0,0,2,1,1,2,1,0,0,0,0,25,34,50,2,1,61.1428571428571,35.4285714285714,64,48,0,0,0,7,428,248,0,0,0,0,0,0,0,0,0,0,0,39,27,5,2,0.0512820512820513,0.692307692307692,0.0487804878048781,2,0.0512820512820513,9.46153846153846,13.6666666666667,8.63414634146342,41,369,35,37,7,71,41.6666666666667,34,0,0,0,0,50,41,0,6,250,204,13.6666666666667,35,0,27,2,369,23,24,2,0,46,6.66666666666667,25,6,0,40,18,5.27777777777778,26,0,1,95,7.5,8,2,15,2,21,10.5,12,1,2,2,0,34,0,3,17,5.66666666666667,4,37,354,464,447,550,818,3,13,0,0,94.9,1,0,0,0,86,8,0,10.75,2013
"32","EDM","SSK",TRUE,27,30,2013040,2013,9,"2013-08-24T16:00:00",FALSE,0,0,0,2,12,7,2,0,0,0,0,5,0,3,0,1,2,5,5,13,3,0.384615384615385,0.384615384615385,0.230769230769231,0.384615384615385,425,1569,60,436,24,32.6923076923077,120.692307692308,4.61538461538461,33.5384615384615,1.84615384615385,7.26666666666667,21,3,3,0,0,3,0,1,0,2,0,0,0,2,0,0,0,2,0,0,0,2,0,46,0,0,0,0,0,0,1,0,0,0,0,0,0,2,1,1,1,0,0,0,0,0,0,0,0,0,0,65,41.5,72,50,0,0,0,4,260,166,0,0,0,0,0,0,0,0,0,0,0,29,19,1,2,0.0689655172413793,0.655172413793103,0.09375,3,0.103448275862069,10.448275862069,15.9473684210526,8.625,32,303,41,27,3,40,51.6,43.6,0,0,0,0,61,58,0,5,258,218,15.9473684210526,41,0,19,3,303,29.3333333333333,43,3,0,88,2.6,5,5,0,13,20,6.6,17,0,0,132,9,11,3,27,2,17,8.5,8,2,6,3,0,55,0,4,29,7.25,3,27,276,435,406,536,711,3,9,0,0,106,0,0,0,0,101,8,0,12.625,2013
"33","BC","HAM",TRUE,29,26,2013041,2013,10,"2013-08-30T22:00:00",FALSE,0,0,0,1,18,4,0,1,0,1,0,5,0,4,0,1,0,5,4,13,1,0.384615384615385,0.307692307692308,0.0769230769230769,0.384615384615385,493,1968,65,407,23,37.9230769230769,151.384615384615,5,31.3076923076923,1.76923076923077,6.26153846153846,23,1,4,0,0,4,0,1,0,1,0,0,0,1,0,0,0,0,0,0,0,0,0,0,1,0,0,0,1,0,0,1,0,0,0,0,0,1,1,1,0,0,0,0,0,0,31,31,31,1,0,59.3333333333333,39.8333333333333,73,58,0,0,0,6,356,239,0,0,0,0,0,0,0,0,0,0,0,36,26,2,0,0,0.722222222222222,0.027027027027027,3,0.0833333333333333,9.97222222222222,13.8076923076923,9.54054054054054,37,359,80,36,9,65,43,39.4,0,0,0,0,52,47,0,5,215,197,13.8076923076923,80,0,26,3,359,16,33,5,0,80,5.5,7,4,0,22,18,3.61111111111111,19,0,1,65,6,6,1,6,5,32,6.4,10,0,0,0,0,41,1,5,17,3.4,4,29,353,424,407,526,777,1,5,0,1,131.6,0,0,0,0,102,9,0,11.3333333333333,2013
"34","SSK","WPG",TRUE,48,25,2013042,2013,10,"2013-09-01T16:00:00",FALSE,0,0,0,2,15,11,2,0,0,1,0,6,0,6,0,0,1,8,8,17,1,0.470588235294118,0.470588235294118,0.0588235294117647,0.352941176470588,748,1972,71,461,40,44,116,4.17647058823529,27.1176470588235,2.35294117647059,6.49295774647887,28,1,6,0,0,6,0,1,0,2,0,1,0,1,0,0,0,2,0,1,0,1,0,47,0,0,0,0,0,0,1,0,0,0,0,0,0,0,1,0,1,1,7,7,7,0,25,41,50,2,0,63.625,45,72,59,0,0,0,8,509,360,0,0,0,0,1,1,0,0,0,0,0,35,24,3,1,0.0285714285714286,0.685714285714286,0.0277777777777778,4,0.114285714285714,9,13.125,8.55555555555556,36,315,43,34,5,72,44.1666666666667,32.1666666666667,1,0,0,0,53,41,0,6,265,193,13.125,43,0,24,4,315,17,28,3,0,51,5.5,12,6,0,33,26,5.03846153846154,22,1,2,131,7,7,1,7,2,10,5,13,3,16,5.33333333333333,0,36,0,2,8,4,6,48,308,446,438,530,754,1,12,0,0,122.9,1,7,7,0,84,9,0,9.33333333333333,2013
"35","CGY","EDM",TRUE,37,34,2013043,2013,10,"2013-09-02T17:00:00",FALSE,0,0,0,2,12,4,3,0,0,2,0,8,0,4,0,2,0,7,7,19,2,0.368421052631579,0.368421052631579,0.105263157894737,0.421052631578947,838,1981,68,476,33,44.1052631578947,104.263157894737,3.57894736842105,25.0526315789474,1.73684210526316,7,18,3,4,0,0,4,0,1,0,3,1,1,0,1,0,0,0,3,1,1,0,1,0,41,0,0,0,0,0,0,1,0,0,0,0,0,0,4,0,3,1,0,0,0,0,0,33.5,42,67,2,0,67,47,76,54,1,0,0,5,335,235,0,0,0,0,0,0,0,0,0,0,0,29,19,4,0,0,0.655172413793103,0.121212121212121,3,0.103448275862069,13.6896551724138,20.8947368421053,11.1818181818182,33,397,80,29,10,115,48.625,35.625,0,0,0,0,59,53,0,8,389,285,17.5789473684211,66,0,19,3,334,15.2,27,5,0,76,10.3333333333333,19,9,0,93,21,3.28571428571429,9,0,1,69,7,9,4,28,7,49,7,8,1,2,2,0,37,0,7,31,4.42857142857143,4,37,369,403,372,572,772,3,13,0,0,143.2,0,0,0,0,169,14,0,12.0714285714286,2013
"36","TOR","MTL",TRUE,9,20,2013044,2013,10,"2013-09-03T19:30:00",FALSE,0,0,0,2,9,3,0,1,0,0,1,9,0,1,1,2,1,3,1,16,4,0.1875,0.0625,0.25,0.625,486,1624,62,342,8,30.375,101.5,3.875,21.375,0.5,5.51612903225806,14,4,1,0,0,1,0,1,0,1,0,0,1,0,0,0,0,0,0,0,0,0,0,0,1,0,0,1,0,0,0,1,0,0,0,0,0,3,1,2,2,1,0,0,0,0,0,0,0,1,0,61,45,65,50,0,0,0,2,122,90,0,0,0,0,0,0,0,0,0,0,0,33,21,0,1,0.0303030303030303,0.636363636363636,0.0571428571428571,1,0.0303030303030303,7.75757575757576,12.1904761904762,7.22857142857143,35,256,56,32,9,76,45.9,45,0,0,0,0,68,68,1,10,459,450,12.1904761904762,56,0,21,1,256,18.4,30,5,0,92,10.75,24,4,0,43,16,3.625,18,0,0,58,1.5,2,2,3,4,29,7.25,8,3,6,2,0,48,0,2,3,1.5,1,9,253,314,311,449,567,3,3,1,2,84.9,1,0,0,0,135,9,0,15,2013
"37","EDM","CGY",TRUE,12,22,2013045,2013,11,"2013-09-06T21:00:00",FALSE,0,0,0,0,10,7,1,2,0,0,0,10,0,1,1,0,0,4,2,15,1,0.266666666666667,0.133333333333333,0.0666666666666667,0.666666666666667,643,1558,67,261,11,42.8666666666667,103.866666666667,4.46666666666667,17.4,0.733333333333333,3.8955223880597,17,2,1,0,0,1,0,1,0,3,1,1,1,0,0,0,0,1,1,0,0,0,0,14,2,0,1,1,0,0,0.333333333333333,2,0,0,0,0,0,1,2,1,1,1,0,0,0,0,27,27,27,1,0,68.5,44.5,73,47,0,0,0,2,137,89,0,0,0,0,0,0,0,0,0,0,0,26,16,0,0,0,0.615384615384615,0.212121212121212,0,0,7.46153846153846,12.125,4.48484848484848,33,194,27,26,8,60,40.3,32.3,0,0,0,0,54,40,0,10,403,323,12.125,27,0,16,0,194,22,23,2,0,44,7.42857142857143,16,7,0,52,21,6.80952380952381,29,0,1,143,6.57142857142857,12,7,46,4,33,8.25,9,1,5,5,0,43,0,7,46,6.57142857142857,1,12,148,337,291,433,485,1,6,0,2,84.5,1,0,0,0,96,9,0,10.6666666666667,2013
"38","HAM","BC",TRUE,37,29,2013046,2013,11,"2013-09-07T16:00:00",FALSE,0,0,0,0,17,3,3,0,0,0,0,6,0,4,0,1,2,7,7,17,3,0.411764705882353,0.411764705882353,0.176470588235294,0.352941176470588,693,1783,61,413,31,40.7647058823529,104.882352941176,3.58823529411765,24.2941176470588,1.82352941176471,6.77049180327869,20,3,4,0,0,4,0,1,0,3,0,1,2,0,0,0,0,3,0,1,2,0,0,39,0,0,0,0,0,0,1,0,0,0,0,0,0,1,1,1,2,1,31,31,31,0,0,0,0,0,0,59.5,41,68,46,0,0,0,8,476,328,0,0,0,0,0,0,16,16,1,0,16,35,25,4,2,0.0571428571428571,0.714285714285714,0.0540540540540541,4,0.114285714285714,10.7142857142857,15,9.83783783783784,37,375,37,33,9,109,47,36.6666666666667,0,0,0,0,55,42,0,6,282,220,15,37,0,25,4,375,18.6,23,5,0,93,8.25,17,8,0,66,14,4.57142857142857,19,0,0,64,5.5,7,2,11,3,9,3,13,1,3,3,0,37,1,3,21,7,4,37,364,439,418,614,803,3,13,0,0,120.5,1,31,31,0,175,14,0,12.5,2013
"39","MTL","TOR",TRUE,30,37,2013047,2013,11,"2013-09-08T13:00:00",FALSE,0,0,0,1,10,2,3,0,0,0,0,9,0,2,0,0,4,5,5,18,4,0.277777777777778,0.277777777777778,0.222222222222222,0.5,670,1472,59,262,21,37.2222222222222,81.7777777777778,3.27777777777778,14.5555555555556,1.16666666666667,4.44067796610169,13,4,3,0,0,3,0,1,0,3,0,1,1,1,0,0,0,3,0,1,1,1,0,41,0,0,0,0,0,0,1,0,0,0,0,0,0,1,2,0,3,2,40,47,80,1,0,0,0,1,0,52.3333333333333,35.1666666666667,57,48,0,0,0,6,314,211,0,0,0,0,0,0,1,10,3,0,3,29,13,2,4,0.137931034482759,0.448275862068966,0.147058823529412,1,0.0344827586206897,7.75862068965517,17.3076923076923,5.58823529411765,34,225,45,25,10,93,40,33.1111111111111,0,0,0,0,55,41,0,9,360,298,17.3076923076923,45,0,13,1,225,18.8,24,5,0,94,8.2,17,5,0,41,13,3.30769230769231,9,0,1,43,7,10,5,35,5,30,6,12,3,3,1,0,49,0,5,35,7,3,30,190,268,233,406,458,4,12,0,0,43.7,2,80,40,1,138,13,0,10.6153846153846,2013
"40","WPG","SSK",TRUE,25,13,2013048,2013,11,"2013-09-08T16:00:00",FALSE,0,0,0,2,4,5,1,1,0,2,0,9,0,2,0,1,1,4,3,17,2,0.235294117647059,0.176470588235294,0.117647058823529,0.529411764705882,604,1696,60,219,16,35.5294117647059,99.7647058823529,3.52941176470588,12.8823529411765,0.941176470588235,3.65,11,3,3,0,0,3,0,1,0,2,0,0,1,1,0,0,0,1,0,0,1,0,0,38,1,0,0,0,1,0,0.5,1,0,0,0,0,0,3,1,2,3,2,1,2,2,0,2,2,2,1,0,60.75,32.5,65,42,0,0,0,4,243,130,0,0,0,0,0,0,0,0,0,0,0,17,8,3,1,0.0588235294117647,0.470588235294118,0.291666666666667,0,0,7.58823529411765,16.125,3.625,24,129,45,16,12,116,43.5,35.3,0,0,0,0,47,49,0,10,435,353,16.125,45,0,8,0,129,59.5,98,2,1,119,7.66666666666667,11,6,0,46,20,5.3,33,0,2,106,6,10,7,42,8,69,8.625,12,2,3,1.5,0,44,0,11,52,4.72727272727273,3,25,87,235,183,400,322,3,7,0,1,48.4,2,2,1,0,165,8,1,20.625,2013
"41","CGY","HAM",TRUE,26,22,2013049,2013,12,"2013-09-13T21:00:00",FALSE,0,0,0,2,9,7,4,0,0,1,0,5,0,2,0,1,2,6,6,15,3,0.4,0.4,0.2,0.333333333333333,601,1728,62,401,24,40.0666666666667,115.2,4.13333333333333,26.7333333333333,1.6,6.46774193548387,18,3,2,0,0,2,0,1,0,4,1,2,0,1,0,0,0,4,1,2,0,1,0,43,0,0,0,0,0,0,1,0,0,0,0,0,0,1,0,1,0,0,0,0,0,0,0,0,0,2,0,68.25,49.5,75,64,0,0,0,4,273,198,0,0,0,0,0,0,103,103,1,0,103,31,21,4,2,0.0645161290322581,0.67741935483871,0.0606060606060606,2,0.0645161290322581,9.29032258064516,13.7142857142857,8.60606060606061,33,288,80,29,9,64,48.8,40.6,0,0,0,0,52,49,0,5,244,203,13.7142857142857,80,0,21,2,288,22,33,4,0,88,18,70,6,0,108,18,6.11111111111111,19,0,0,110,2,3,2,4,5,27,5.4,8,2,8,4,0,46,0,4,7,1.75,2,26,284,398,391,697,682,3,14,0,0,91.9,0,0,0,0,299,11,0,27.1818181818182,2013
"42","EDM","WPG",TRUE,25,7,2013050,2013,12,"2013-09-14T18:30:00",FALSE,0,0,0,0,9,8,1,0,0,0,1,10,0,3,0,0,0,5,4,15,0,0.333333333333333,0.266666666666667,0,0.733333333333333,551,1708,61,334,22,36.7333333333333,113.866666666667,4.06666666666667,22.2666666666667,1.46666666666667,5.47540983606557,17,0,3,0,0,3,0,1,0,1,0,1,0,0,0,0,0,1,0,1,0,0,0,25,0,0,0,0,0,0,1,0,0,0,0,0,0,0,1,0,2,2,4,8,8,0,15.5,31,31,2,0,66,48.75,74,52,0,0,0,4,264,195,0,0,0,0,0,0,0,0,0,0,0,25,16,2,0,0,0.64,0.107142857142857,3,0.12,7.84,12.25,6.67857142857143,28,196,32,25,12,107,46.7272727272727,43,0,0,0,0,56,56,1,11,514,473,12.25,32,0,16,3,196,13,13,1,0,13,4.25,12,4,0,17,21,7.28571428571429,45,0,0,153,3,5,3,9,4,25,6.25,10,4,10,2.5,0,43,0,3,9,3,3,25,187,349,340,379,536,0,7,1,1,127.7,2,8,4,0,30,5,0,6,2013
"43","SSK","TOR",TRUE,29,31,2013051,2013,12,"2013-09-14T21:30:00",FALSE,0,1,1,2,14,2,3,0,1,0,0,6,0,3,1,0,3,6,6,17,4,0.352941176470588,0.352941176470588,0.235294117647059,0.352941176470588,796,2048,75,366,27,46.8235294117647,120.470588235294,4.41176470588235,21.5294117647059,1.58823529411765,4.88,18,4,2,0,0,2,0,1,0,4,2,1,1,0,0,0,0,3,2,0,1,0,0,33,1,0,1,0,0,0,0.75,0,0,0,0,0,0,1,2,0,4,3,0,0,0,0,28,28,28,1,0,50.75,37,67,51,0,0,0,4,203,148,0,0,0,0,0,0,0,0,0,0,0,49,24,2,3,0.0612244897959184,0.489795918367347,0.0392156862745098,3,0.0612244897959184,7.53061224489796,15.375,6.94117647058824,51,369,47,45,15,163,49.1428571428571,48.5714285714286,0,0,0,0,55,59,0,7,344,340,15.375,47,0,24,3,369,23.25,34,4,0,93,3.66666666666667,8,6,0,22,13,2.07692307692308,6,0,0,27,7.5,8,2,15,3,22,7.33333333333333,9,0,0,0,0,34,0,3,52,17.3333333333333,3,29,354,396,344,511,750,3,11,0,0,69.2,3,0,0,0,115,10,0,11.5,2013
"44","BC","MTL",TRUE,36,14,2013052,2013,12,"2013-09-15T16:30:00",FALSE,0,0,0,0,14,6,2,0,0,1,0,5,0,4,0,2,3,6,6,17,5,0.352941176470588,0.352941176470588,0.294117647058824,0.294117647058824,944,1792,64,307,30,55.5294117647059,105.411764705882,3.76470588235294,18.0588235294118,1.76470588235294,4.796875,20,5,4,0,0,4,0,1,0,2,0,1,0,1,0,0,0,2,0,1,0,1,0,43,0,0,0,0,0,0,1,0,0,0,0,0,0,2,1,2,1,1,0,0,0,0,41.5,44,83,2,0,57.2,39.6,65,48,0,0,0,5,286,198,0,0,0,0,0,0,0,0,0,0,0,35,23,3,3,0.0857142857142857,0.657142857142857,0.0540540540540541,2,0.0571428571428571,6.97142857142857,10.6086956521739,6.27027027027027,37,244,58,32,8,82,40.8,38.2,0,0,0,0,52,52,0,5,204,191,10.6086956521739,58,0,23,2,244,30.5,47,4,0,122,3,7,3,0,9,18,5.61111111111111,15,0,2,101,6,11,2,12,4,18,4.5,7,1,2,2,1,42,0,4,28,7,4,36,232,345,317,476,577,5,10,0,0,69.2,1,0,0,0,131,7,0,18.7142857142857,2013
"45","WPG","EDM",TRUE,27,35,2013053,2013,13,"2013-09-20T20:00:00",TRUE,0,0,0,2,9,5,2,0,1,3,0,7,0,2,0,1,2,4,4,18,3,0.222222222222222,0.222222222222222,0.166666666666667,0.388888888888889,720,1617,63,295,18,40,89.8333333333333,3.5,16.3888888888889,1,4.68253968253968,16,3,3,0,0,3,0,1,0,3,0,1,2,0,0,0,0,2,0,1,1,0,0,32,1,0,0,1,0,0,0.666666666666667,0,0,0,0,0,0,2,3,1,4,3,16,48,48,1,0,0,0,0,0,55,39.5,65,49,0,0,0,4,220,158,0,0,0,0,0,0,0,0,0,0,0,29,18,4,2,0.0689655172413793,0.620689655172414,0.09375,1,0.0344827586206897,8.72413793103448,14.0555555555556,6.5625,32,253,41,27,8,59,41.4285714285714,32.5714285714286,0,0,0,0,51,40,0,7,290,228,14.0555555555556,41,0,18,1,253,11.5,19,4,0,46,4.6,7,5,0,23,17,3.64705882352941,16,0,1,62,14.3333333333333,19,3,43,4,35,8.75,9,2,5,2.5,0,46,0,7,49,7,3,27,210,315,266,384,525,3,9,0,0,72.9,3,48,16,1,69,9,0,7.66666666666667,2013
"46","HAM","MTL",TRUE,28,26,2013054,2013,13,"2013-09-21T16:00:00",FALSE,0,0,0,3,9,8,4,0,0,1,0,4,0,2,0,1,1,6,6,13,2,0.461538461538462,0.461538461538462,0.153846153846154,0.307692307692308,830,1770,62,301,24,63.8461538461538,136.153846153846,4.76923076923077,23.1538461538462,1.84615384615385,4.85483870967742,20,2,2,1,0,2,0,1,0,4,0,2,1,1,0,0,0,4,0,2,1,1,0,40,0,0,0,0,0,0,1,0,0,0,0,0,0,1,1,1,1,1,3,3,3,0,0,0,0,0,0,60.6,41.4,68,48,0,0,0,5,303,207,0,0,0,0,0,0,0,0,0,0,0,28,16,2,1,0.0357142857142857,0.571428571428571,0.151515151515152,1,0.0357142857142857,6.64285714285714,11.625,4.48484848484848,33,186,26,27,5,50,41.6,40.4,0,0,0,0,50,44,0,5,208,202,11.625,26,0,16,1,186,20.2,60,5,0,101,9,15,3,0,27,18,5.66666666666667,30,0,1,102,7.6,11,5,38,2,19,9.5,8,1,2,2,1,41,0,7,40,5.71428571428571,2,28,148,288,248,416,436,2,14,0,0,74.4,1,3,3,0,128,8,0,16,2013
"47","CGY","TOR",TRUE,27,33,2013055,2013,13,"2013-09-21T19:30:00",FALSE,0,0,0,2,13,8,1,1,0,1,2,6,0,3,0,0,2,7,4,16,2,0.4375,0.25,0.125,0.5,652,1924,66,336,24,40.75,120.25,4.125,21,1.5,5.09090909090909,23,2,3,0,0,3,0,1,0,2,0,0,1,0,1,0,0,1,0,0,0,0,1,52,1,0,0,1,0,0,0.5,1,0,0,0,0,0,0,2,0,2,2,2.5,5,5,0,0,0,0,0,0,57.6666666666667,41.6666666666667,71,48,0,0,0,3,173,125,0,0,0,0,0,0,20,20,1,0,20,35,24,0,2,0.0571428571428571,0.685714285714286,0.0540540540540541,2,0.0571428571428571,7.48571428571429,10.9166666666667,6.72972972972973,37,262,23,33,7,40,46,41,0,0,0,0,59,59,2,8,368,328,10.9166666666667,23,0,24,2,262,26.1428571428571,56,7,0,183,7,11,3,0,21,19,5.31578947368421,25,0,1,101,6.5,8,2,13,4,25,6.25,6,0,0,0,0,41,0,3,15,5,3,27,249,363,348,587,612,2,9,2,3,85.7,2,5,2.5,0,224,11,0,20.3636363636364,2013
"48","SSK","BC",TRUE,22,24,2013056,2013,13,"2013-09-22T16:30:00",FALSE,0,0,0,3,16,4,2,0,2,0,2,7,0,2,0,2,0,6,4,17,2,0.352941176470588,0.235294117647059,0.117647058823529,0.529411764705882,867,2020,81,371,20,51,118.823529411765,4.76470588235294,21.8235294117647,1.17647058823529,4.58024691358025,23,2,2,0,0,2,0,1,0,4,1,0,2,1,0,0,0,2,1,0,0,1,0,47,2,0,0,2,0,0,0.5,0,0,0,0,0,0,2,0,2,0,0,0,0,0,0,0,0,0,0,0,60,41,70,51,0,0,0,4,240,164,0,0,0,0,0,0,0,0,0,0,0,52,35,5,0,0,0.673076923076923,0.037037037037037,2,0.0384615384615385,6.26923076923077,9.31428571428571,5.90740740740741,54,326,37,51,5,55,47.1111111111111,41,0,0,0,0,68,68,2,9,424,369,9.31428571428571,37,0,35,2,326,17,17,1,0,17,10.4545454545455,33,11,0,115,12,3.25,7,0,0,39,3.5,7,2,7,4,30,7.5,8,3,5,1.66666666666667,0,35,0,4,19,4.75,2,22,319,365,346,497,684,2,10,2,2,97.1,0,0,0,0,132,12,0,11,2013
"49","WPG","BC",TRUE,17,53,2013057,2013,14,"2013-09-27T20:00:00",FALSE,0,0,0,1,8,3,1,0,1,1,0,10,0,2,1,3,3,3,3,22,7,0.136363636363636,0.136363636363636,0.318181818181818,0.454545454545455,750,1534,65,282,15,34.0909090909091,69.7272727272727,2.95454545454545,12.8181818181818,0.681818181818182,4.33846153846154,12,7,2,0,0,2,0,1,0,2,0,0,2,0,0,0,0,1,0,0,1,0,0,30,1,0,0,1,0,0,0.5,0,0,0,0,0,0,5,3,3,3,1,0,0,0,0,0,0,0,0,0,56,37.3333333333333,59,38,0,0,0,3,168,112,0,0,0,0,0,0,0,0,0,0,0,37,19,3,3,0.0810810810810811,0.513513513513513,0.0975609756097561,2,0.0540540540540541,6.16216216216216,12,5.09756097560976,41,228,38,34,7,73,41.6,35.8,0,0,0,0,47,41,0,10,416,358,12,38,0,19,2,228,20.8333333333333,45,6,0,125,2,6,7,0,14,12,2.66666666666667,11,0,0,32,4.75,8,4,19,3,29,9.66666666666667,13,2,3,1.5,0,44,0,4,19,4.75,2,17,209,260,241,399,469,6,5,0,0,54.8,1,0,0,0,139,13,0,10.6923076923077,2013
"50","HAM","CGY",TRUE,11,35,2013058,2013,14,"2013-09-28T18:00:00",FALSE,0,0,0,2,15,8,1,1,1,1,0,5,0,1,1,0,5,3,2,16,6,0.1875,0.125,0.375,0.3125,661,1833,70,420,10,41.3125,114.5625,4.375,26.25,0.625,6,25,6,1,0,0,1,0,1,0,3,0,2,0,1,0,0,0,1,0,1,0,0,0,27,2,0,1,0,1,0,0.333333333333333,1,0,0,0,0,0,0,0,0,0,0,0,0,0,0,0,0,0,1,0,57,43.6666666666667,70,47,0,0,0,3,171,131,0,0,0,0,0,0,0,0,0,0,0,42,23,3,5,0.119047619047619,0.547619047619048,0.0454545454545455,0,0,6.38095238095238,11.6521739130435,5.88636363636364,44,268,33,37,7,65,39.6,37,0,0,0,0,45,44,0,5,198,185,11.6521739130435,33,0,23,0,268,17.3333333333333,30,6,0,104,5.42857142857143,9,7,0,38,18,8.16666666666667,28,0,1,147,4.5,8,2,9,2,6,3,5,1,1,1,0,42,0,2,9,4.5,1,11,259,415,406,557,674,5,5,0,1,34.7,0,0,0,0,142,13,0,10.9230769230769,2013
"51","EDM","TOR",TRUE,22,34,2013059,2013,14,"2013-09-28T21:00:00",FALSE,0,0,0,3,15,4,0,0,1,1,1,7,0,3,0,2,2,4,3,17,4,0.235294117647059,0.176470588235294,0.235294117647059,0.470588235294118,550,1984,66,361,19,32.3529411764706,116.705882352941,3.88235294117647,21.2352941176471,1.11764705882353,5.46969696969697,22,5,3,0,0,3,0,1,0,1,0,0,0,1,0,0,0,0,0,0,0,0,0,0,1,0,0,0,1,0,0,0,0,0,0,0,0,2,2,2,0,0,0,0,0,0,0,0,0,1,0,64.25,31.5,73,50,0,0,0,4,257,126,0,0,0,0,0,0,0,0,0,0,0,36,19,3,3,0.0833333333333333,0.527777777777778,0.1,2,0.0555555555555556,7.69444444444444,14.5789473684211,6.225,40,277,38,33,12,104,45.5,39.25,0,0,0,0,51,51,1,8,364,314,14.5789473684211,38,0,19,2,277,19.4,31,5,0,97,5.5,12,6,0,33,16,4.875,22,0,1,78,7,15,4,28,6,42,7,10,0,0,0,0,39,0,5,29,5.8,3,22,249,355,326,485,604,5,4,1,1,61.9,0,0,0,0,130,11,0,11.8181818181818,2013
"52","MTL","SSK",TRUE,17,12,2013060,2013,14,"2013-09-29T13:00:00",FALSE,0,0,0,2,10,3,3,0,1,1,1,9,0,1,0,1,0,5,4,18,1,0.277777777777778,0.222222222222222,0.0555555555555556,0.555555555555556,650,1792,71,415,14,36.1111111111111,99.5555555555556,3.94444444444444,23.0555555555556,0.777777777777778,5.84507042253521,15,1,1,0,0,1,0,1,0,4,1,0,2,1,0,0,0,3,1,0,1,1,0,40,1,0,0,1,0,0,0.75,0,0,0,0,0,0,2,1,1,2,1,0,0,0,0,0,0,0,3,0,62.25,33,65,45,0,0,0,4,249,132,0,0,0,0,0,0,0,0,0,0,0,37,22,5,0,0,0.594594594594595,0,1,0.027027027027027,8.59459459459459,14.4545454545455,8.59459459459459,37,318,54,37,5,45,41.5,36.5,0,0,0,0,52,52,1,10,415,365,14.4545454545455,54,0,22,1,318,33.5,43,2,0,67,4.42857142857143,8,7,0,31,17,4.88235294117647,22,0,0,83,0,0,0,0,4,23,5.75,7,0,0,0,0,36,1,3,4,1.33333333333333,1,17,318,401,397,499,719,1,11,1,1,96.5,1,0,0,0,98,9,0,10.8888888888889,2013
"53","TOR","HAM",TRUE,19,33,2013061,2013,15,"2013-10-04T19:00:00",FALSE,0,0,0,0,13,4,4,0,0,0,0,6,0,1,1,0,1,5,5,13,2,0.384615384615385,0.384615384615385,0.153846153846154,0.461538461538462,424,1480,60,317,18,32.6153846153846,113.846153846154,4.61538461538461,24.3846153846154,1.38461538461538,5.28333333333333,17,2,1,0,0,1,0,1,0,4,1,0,2,1,0,0,0,4,1,0,2,1,0,42,0,0,0,0,0,0,1,0,0,0,0,0,0,0,0,0,1,1,3,3,3,0,28,28,28,1,0,68.6,41.6,73,54,0,0,0,5,343,208,0,0,0,0,0,0,8,8,1,0,8,32,21,1,1,0.03125,0.65625,0.135135135135135,0,0,8.65625,13.1904761904762,6.7027027027027,37,277,40,31,12,110,40.1666666666667,33.8333333333333,1,0,0,0,54,49,0,6,241,203,13.1904761904762,40,0,21,0,277,22,39,5,0,110,6.33333333333333,11,3,0,19,13,5.30769230769231,20,0,1,69,5.8,15,5,29,1,9,9,9,2,6,3,0,42,0,5,29,5.8,1,19,248,346,317,483,594,1,13,0,0,79.8,1,3,3,0,137,9,0,15.2222222222222,2013
"54","BC","SSK",TRUE,17,31,2013062,2013,15,"2013-10-04T22:00:00",FALSE,0,0,0,3,13,5,1,0,1,0,0,7,0,2,1,0,3,3,3,16,4,0.1875,0.1875,0.25,0.4375,556,1934,67,364,13,34.75,120.875,4.1875,22.75,0.8125,5.43283582089552,21,4,2,0,0,2,0,1,0,2,0,0,2,0,0,0,0,1,0,0,1,0,0,35,1,0,0,1,0,0,0.5,0,0,0,0,0,0,0,0,0,0,0,0,0,0,0,0,0,0,0,0,47.2,30.4,62,41,1,0,0,5,236,152,0,0,0,0,0,0,12,12,1,0,12,38,19,1,3,0.0789473684210526,0.5,0.116279069767442,1,0.0263157894736842,7.52631578947368,15.0526315789474,6.02325581395349,43,286,41,35,11,138,43,34,0,0,0,0,50,47,0,7,301,238,15.0526315789474,41,0,19,1,286,19.3333333333333,24,3,0,58,8,14,6,0,48,14,5.71428571428571,41,0,1,80,5.4,10,5,27,2,18,9,12,3,10,3.33333333333333,0,39,1,6,30,5,2,17,259,366,336,484,625,3,5,0,0,51,0,0,0,0,118,10,0,11.8,2013
"55","EDM","MTL",TRUE,24,47,2013063,2013,15,"2013-10-05T15:30:00",FALSE,0,0,0,2,19,2,1,0,1,0,0,5,0,3,1,0,5,4,4,16,6,0.25,0.25,0.375,0.3125,545,1635,66,436,21,34.0625,102.1875,4.125,27.25,1.3125,6.60606060606061,23,7,3,0,0,3,0,1,0,2,0,1,0,1,0,0,0,1,0,1,0,0,0,24,1,0,0,0,1,0,0.5,0,0,0,0,0,0,1,0,1,0,0,0,0,0,0,25,56,50,2,0,45.5,36,69,66,0,0,0,4,182,144,0,0,0,0,0,0,0,0,0,0,0,47,26,4,5,0.106382978723404,0.553191489361702,0.0208333333333333,3,0.0638297872340425,8.17021276595745,14.7692307692308,7.9375,48,384,45,42,11,115,41.2,35.6,0,0,0,0,46,44,0,5,206,178,14.7692307692308,45,0,26,3,384,16.7142857142857,23,7,0,117,21.5,53,4,0,86,11,4.09090909090909,23,0,0,45,3,3,1,3,1,5,5,9,0,0,0,0,42,0,1,3,3,3,24,381,429,426,632,810,6,6,0,0,63.9,0,0,0,0,203,11,0,18.4545454545455,2013
"56","CGY","WPG",TRUE,38,11,2013064,2013,15,"2013-10-05T18:30:00",FALSE,0,0,0,1,16,11,3,0,0,0,1,5,0,4,1,0,0,8,7,14,1,0.571428571428571,0.5,0.0714285714285714,0.428571428571429,436,2060,71,653,34,31.1428571428571,147.142857142857,5.07142857142857,46.6428571428571,2.42857142857143,9.19718309859155,28,1,4,0,0,4,0,1,0,3,1,0,1,1,0,0,0,3,1,0,1,1,0,46,0,0,0,0,0,0,1,0,0,0,0,0,0,0,0,0,0,0,0,0,0,0,5,5,5,1,0,62.1666666666667,29.3333333333333,66,55,0,0,0,6,373,176,0,0,0,0,0,0,19,19,1,0,19,33,24,5,0,0,0.727272727272727,0,2,0.0606060606060606,10.9393939393939,15.0416666666667,10.9393939393939,33,361,36,33,2,8,44.5,39.8333333333333,0,0,0,0,60,60,1,6,267,239,15.0416666666667,36,0,24,2,361,15.3333333333333,17,3,0,46,1.5,5,4,0,6,29,9,50,0,2,261,0,0,0,0,1,7,7,8,3,7,2.33333333333333,0,30,0,0,0,0,4,38,361,622,622,693,983,0,14,1,1,128.5,0,0,0,0,71,8,0,8.875,2013
"57","CGY","BC",TRUE,40,26,2013065,2013,16,"2013-10-11T21:00:00",FALSE,0,0,0,2,15,9,4,0,1,1,0,5,0,3,0,0,1,7,7,15,1,0.466666666666667,0.466666666666667,0.0666666666666667,0.333333333333333,790,2054,71,411,30,52.6666666666667,136.933333333333,4.73333333333333,27.4,2,5.7887323943662,26,1,4,0,0,4,0,1,0,5,1,1,0,3,0,0,0,4,1,1,0,2,0,45,1,0,0,0,1,0,0.8,0,0,0,0,0,0,1,1,0,1,0,0,0,0,0,65,65,65,1,1,62,40.375,80,80,0,0,1,8,496,323,0,0,0,0,0,0,0,0,0,0,0,38,22,3,1,0.0263157894736842,0.578947368421053,0.05,2,0.0526315789473684,6.81578947368421,11.7727272727273,6.15,40,259,26,37,6,60,49,45.6,0,0,0,0,57,57,0,5,245,228,11.7727272727273,26,0,22,2,259,26.4,54,5,0,132,12.1666666666667,29,6,0,73,21,6.90476190476191,38,0,1,145,6.5,9,2,13,1,1,1,9,3,2,0.666666666666667,0,35,0,2,13,6.5,4,40,246,404,391,609,650,1,16,0,0,85.3,0,0,0,0,205,11,0,18.6363636363636,2013
"58","SSK","EDM",TRUE,14,9,2013066,2013,16,"2013-10-12T16:30:00",FALSE,0,0,0,2,11,9,0,0,0,1,0,8,0,2,1,0,2,2,2,15,3,0.133333333333333,0.133333333333333,0.2,0.533333333333333,545,1933,70,289,10,36.3333333333333,128.866666666667,4.66666666666667,19.2666666666667,0.666666666666667,4.12857142857143,22,3,2,0,0,2,0,1,0,0,0,0,0,0,0,0,0,0,0,0,0,0,0,0,0,0,0,0,0,0,0,0,0,0,0,0,0,1,0,0,1,0,0,0,0,0,15.5,30,31,2,0,64.6,50.2,95,95,0,0,1,5,323,251,0,0,0,0,0,0,0,0,0,0,0,24,16,3,2,0.0833333333333333,0.666666666666667,0.111111111111111,1,0.0416666666666667,7.08333333333333,10.625,5.2962962962963,27,170,29,22,3,31,42.625,37.5,0,0,0,0,52,44,0,8,341,300,10.625,29,0,16,1,170,0,0,0,0,0,5.14285714285714,8,7,0,36,32,4.75,15,0,1,152,9,12,3,27,3,8,2.66666666666667,8,2,6,3,0,41,1,6,68,11.3333333333333,2,14,143,322,254,358,465,2,2,0,0,66.3,0,0,0,0,36,7,0,5.14285714285714,2013
"59","MTL","WPG",TRUE,27,34,2013067,2013,16,"2013-10-14T13:00:00",FALSE,0,0,0,8,9,7,4,1,0,1,0,2,0,2,3,0,4,7,6,17,7,0.411764705882353,0.352941176470588,0.411764705882353,0.117647058823529,710,1975,72,416,25,41.7647058823529,116.176470588235,4.23529411764706,24.4705882352941,1.47058823529412,5.77777777777778,24,7,2,0,0,2,0,1,0,5,2,1,1,1,0,0,0,4,2,1,0,1,0,48,1,0,0,1,0,0,0.8,1,0,0,0,0,0,2,0,0,3,1,0,0,0,0,0,0,0,0,0,60.1428571428571,39,63,43,0,0,0,7,421,273,0,0,0,0,0,0,0,0,0,0,0,44,22,1,4,0.0909090909090909,0.5,0,1,0.0227272727272727,5.31818181818182,10.6363636363636,5.31818181818182,44,234,40,40,6,55,39.5,38.5,0,0,0,0,47,45,0,2,79,77,10.6363636363636,40,0,22,1,234,18.2,28,5,0,91,9.42857142857143,34,7,0,66,19,3.94736842105263,20,0,1,75,0,0,0,0,0,0,0,8,4,2,0.5,0,34,0,2,14,7,2,27,234,309,295,466,543,4,15,0,1,35.6,1,0,0,0,157,12,0,13.0833333333333,2013
"60","HAM","TOR",TRUE,24,18,2013068,2013,16,"2013-10-14T16:30:00",FALSE,0,0,0,1,16,15,0,1,0,2,0,4,0,3,0,2,1,4,3,13,3,0.307692307692308,0.230769230769231,0.230769230769231,0.307692307692308,470,2235,75,542,19,36.1538461538462,171.923076923077,5.76923076923077,41.6923076923077,1.46153846153846,7.22666666666667,32,3,3,0,0,3,0,1,0,1,0,1,0,0,0,0,0,0,0,0,0,0,0,0,1,0,1,0,0,0,0,1,0,0,0,0,0,2,1,2,1,1,4,4,4,0,0,0,0,1,0,58.5,40,61,45,0,0,0,4,234,160,0,0,0,0,0,0,0,0,0,0,0,39,29,2,1,0.0256410256410256,0.743589743589744,0.0714285714285714,0,0,9.76923076923077,13.1379310344828,8.61904761904762,42,381,44,38,7,72,43.5,37.75,0,0,0,0,48,48,0,4,174,151,13.1379310344828,44,0,29,0,381,24.6,36,5,0,123,3.25,11,4,0,13,25,6.56,34,0,3,164,6.33333333333333,9,3,19,2,13,6.5,6,4,9,2.25,1,37,0,6,23,3.83333333333333,3,24,362,545,522,681,907,3,4,0,1,94.1,1,4,4,0,136,9,0,15.1111111111111,2013
"61","EDM","CGY",TRUE,13,27,2013069,2013,17,"2013-10-18T21:00:00",FALSE,0,0,0,1,11,9,2,0,2,0,0,7,0,1,1,0,1,3,3,14,2,0.214285714285714,0.214285714285714,0.142857142857143,0.5,397,1663,70,365,12,28.3571428571429,118.785714285714,5,26.0714285714286,0.857142857142857,5.21428571428571,21,3,1,0,0,1,0,1,0,4,0,0,2,2,0,0,0,2,0,0,1,1,0,47,2,0,0,1,1,0,0.5,0,0,0,0,0,0,1,1,1,0,0,0,0,0,0,0,0,0,0,0,53.3333333333333,36.6666666666667,64,43,0,0,0,3,160,110,0,0,0,0,0,0,0,0,0,0,0,37,20,0,1,0.027027027027027,0.540540540540541,0.119047619047619,1,0.027027027027027,7.16216216216216,13.25,5.54761904761905,42,265,48,36,10,114,46.1666666666667,39.8333333333333,0,1,0,0,52,54,0,6,277,239,13.25,48,0,20,1,265,17,25,3,0,51,9.75,17,4,0,39,17,6.29411764705882,27,0,0,107,6.4,10,5,32,1,16,16,8,1,2,2,0,42,0,6,61,10.1666666666667,1,13,233,372,311,462,605,2,7,0,0,74.7,0,0,0,0,90,7,0,12.8571428571429,2013
"62","WPG","TOR",TRUE,20,26,2013070,2013,17,"2013-10-19T15:30:00",FALSE,0,0,0,1,15,9,2,0,0,0,0,7,0,2,3,1,1,4,4,16,5,0.25,0.25,0.3125,0.4375,497,2094,78,501,18,31.0625,130.875,4.875,31.3125,1.125,6.42307692307692,25,5,2,0,0,2,0,1,0,2,1,1,0,0,0,0,0,2,1,1,0,0,0,20,0,0,0,0,0,0,1,0,0,0,0,0,0,1,0,1,0,0,0,0,0,0,0,0,0,1,0,44,27.3333333333333,63,39,1,0,0,3,132,82,0,0,0,0,1,1,0,0,0,0,0,51,30,4,1,0.0196078431372549,0.588235294117647,0,1,0.0196078431372549,7.54901960784314,12.8333333333333,7.54901960784314,51,385,40,50,7,99,43,34.1428571428571,0,0,0,0,52,48,0,7,301,239,12.8333333333333,40,0,30,1,385,20.2,28,5,0,101,2.6,12,5,0,13,18,4.5,17,0,1,81,0,0,0,0,1,7,7,5,6,7,1.16666666666667,0,34,0,0,0,0,2,20,385,466,466,580,851,2,8,0,0,80.9,0,0,0,0,114,10,0,11.4,2013
"63","SSK","BC",TRUE,35,14,2013071,2013,17,"2013-10-19T19:00:00",FALSE,0,0,0,1,7,9,4,1,0,0,1,7,0,2,0,2,1,8,6,18,3,0.444444444444444,0.333333333333333,0.166666666666667,0.444444444444444,936,2070,74,375,26,52,115,4.11111111111111,20.8333333333333,1.44444444444444,5.06756756756757,17,3,3,0,0,3,0,1,0,5,2,0,2,1,0,0,0,4,2,0,2,0,0,38,1,0,0,0,1,0,0.8,1,0,0,0,0,0,3,3,2,4,3,15.3333333333333,46,46,1,9.25,25,37,4,0,59.4285714285714,34.7142857142857,64,45,0,0,0,7,416,243,0,0,0,0,0,0,0,0,0,0,0,29,13,3,1,0.0344827586206897,0.448275862068966,0.0333333333333333,1,0.0344827586206897,6.44827586206897,14.3846153846154,6.13333333333333,30,187,45,24,9,100,44.25,40.5,0,0,0,0,70,70,1,8,354,324,14.3846153846154,45,0,13,1,187,21.5,27,2,0,43,4,11,6,0,24,31,6,41,0,1,186,3,3,1,3,1,10,10,14,4,19,4.75,0,31,0,1,3,3,3,35,184,373,370,440,557,3,17,1,2,63.4,3,46,15.3333333333333,1,67,8,0,8.375,2013
"64","MTL","HAM",TRUE,36,5,2013072,2013,17,"2013-10-20T13:00:00",FALSE,0,0,0,4,13,6,2,0,0,1,0,8,0,4,1,0,0,6,6,17,1,0.352941176470588,0.352941176470588,0.0588235294117647,0.470588235294118,701,1928,70,389,28,41.2352941176471,113.411764705882,4.11764705882353,22.8823529411765,1.64705882352941,5.55714285714286,23,1,4,0,0,4,0,1,0,2,0,1,1,0,0,0,0,2,0,1,1,0,0,32,0,0,0,0,0,0,1,0,0,0,0,0,0,1,1,0,1,0,0,0,0,0,14,14,14,1,0,49.5,34.5,55,41,0,0,0,6,297,207,0,0,0,0,0,0,0,0,0,0,0,36,17,4,0,0,0.472222222222222,0.027027027027027,3,0.0833333333333333,6.86111111111111,14.5294117647059,6.37837837837838,37,247,64,36,8,78,40.875,37.875,0,0,0,0,49,46,0,8,327,303,14.5294117647059,64,0,17,3,247,12,12,1,0,12,21.5,58,6,0,129,21,5.42857142857143,19,0,1,114,11,11,1,11,5,40,8,12,1,3,3,1,37,1,3,20,6.66666666666667,4,36,236,361,341,502,597,0,10,0,0,97.8,0,0,0,0,141,7,0,20.1428571428571,2013
"65","TOR","WPG",TRUE,36,21,2013073,2013,18,"2013-10-24T19:30:00",FALSE,0,0,0,3,17,7,4,0,0,2,0,4,0,3,0,2,0,7,7,15,2,0.466666666666667,0.466666666666667,0.133333333333333,0.266666666666667,649,1903,70,615,30,43.2666666666667,126.866666666667,4.66666666666667,41,2,8.78571428571429,27,2,3,0,0,3,0,1,0,4,0,1,1,2,0,0,0,4,0,1,1,2,0,42,0,0,0,0,0,0,1,0,0,0,0,0,0,2,0,2,0,0,0,0,0,0,8,8,8,1,0,70,51.6,77,77,0,1,0,5,350,258,0,0,0,0,0,0,0,0,0,0,0,45,39,6,0,0,0.866666666666667,0.0217391304347826,3,0.0666666666666667,11.2222222222222,12.9487179487179,10.8913043478261,46,505,69,45,12,139,45,36.25,0,0,0,0,53,53,0,4,180,145,12.9487179487179,69,0,39,3,505,16.4,20,5,0,82,7.8,15,5,0,39,13,6.84615384615385,24,0,0,89,4,4,1,4,1,1,1,7,1,1,1,1,33,0,4,7,1.75,3,36,501,594,587,715,1095,2,16,0,1,135.6,0,0,0,0,121,10,0,12.1,2013
"66","BC","EDM",TRUE,43,29,2013074,2013,18,"2013-10-25T22:00:00",FALSE,0,0,0,2,9,10,0,0,0,1,1,8,0,6,0,0,0,7,6,17,0,0.411764705882353,0.352941176470588,0,0.529411764705882,808,1751,64,426,35,47.5294117647059,103,3.76470588235294,25.0588235294118,2.05882352941176,6.65625,21,0,6,0,0,6,0,1,0,0,0,0,0,0,0,0,0,0,0,0,0,0,0,0,0,0,0,0,0,0,0,0,0,0,0,0,0,0,1,0,0,0,0,0,0,0,7.5,15,15,2,0,58.5,36.625,62,45,0,0,0,8,468,293,0,0,0,0,0,0,0,0,0,0,0,22,15,6,0,0,0.681818181818182,0.12,4,0.181818181818182,9.13636363636364,13.4,7.36,25,201,46,22,4,30,42.4444444444444,39.7777777777778,0,0,0,0,48,48,1,9,382,358,13.4,46,0,15,4,201,17.5,30,6,0,105,10.3333333333333,22,6,0,62,26,8.46153846153846,54,0,2,220,5.66666666666667,8,3,17,4,23,5.75,13,0,0,0,0,36,1,7,30,4.28571428571429,6,43,184,421,391,588,605,0,7,1,1,136.6,0,0,0,0,167,12,0,13.9166666666667,2013
"67","HAM","MTL",TRUE,27,24,2013075,2013,18,"2013-10-26T13:00:00",FALSE,0,0,0,2,9,6,2,0,0,1,0,6,0,2,1,0,1,4,4,14,2,0.285714285714286,0.285714285714286,0.142857142857143,0.428571428571429,678,1551,57,325,16,48.4285714285714,110.785714285714,4.07142857142857,23.2142857142857,1.14285714285714,5.70175438596491,17,2,3,0,0,3,0,1,0,2,0,2,0,0,0,0,0,2,0,2,0,0,0,25,0,0,0,0,0,0,1,0,0,0,0,0,0,1,2,0,2,1,0,0,0,0,3,6,6,2,0,55.8,35.6,66,44,0,0,0,5,279,178,0,0,0,0,0,0,107,107,1,1,107,25,17,2,1,0.04,0.68,0.0740740740740741,1,0.04,7,10.2941176470588,6.18518518518519,27,175,22,24,3,25,39.6666666666667,34.5,0,0,0,0,44,44,0,6,238,207,10.2941176470588,22,0,17,1,175,15.25,24,4,0,61,16.4,33,5,0,82,20,7.4,45,0,1,148,4,6,2,8,0,0,0,7,1,1,1,0,39,1,4,28,7,3,27,167,323,295,573,490,1,9,0,0,84.6,1,0,0,0,250,10,1,25,2013
"68","CGY","SSK",TRUE,29,25,2013076,2013,18,"2013-10-26T19:00:00",FALSE,0,1,1,4,11,11,3,0,0,2,0,5,0,3,0,3,1,6,6,17,4,0.352941176470588,0.352941176470588,0.235294117647059,0.294117647058824,622,2009,73,432,27,36.5882352941176,118.176470588235,4.29411764705882,25.4117647058824,1.58823529411765,5.91780821917808,26,5,2,0,0,2,0,1,0,3,1,0,1,1,0,0,0,3,1,0,1,1,0,42,0,0,0,0,0,0,1,0,0,0,0,0,0,5,1,4,2,1,0,0,0,0,0,0,0,1,0,64.5,42.5,70,46,0,0,0,4,258,170,0,0,0,0,0,0,0,0,0,0,0,33,22,1,1,0.0303030303030303,0.666666666666667,0.0833333333333333,1,0.0303030303030303,9.12121212121212,13.6818181818182,7.44444444444444,36,301,63,32,7,79,49.4,38.8,0,0,0,0,61,51,0,5,247,194,13.6818181818182,63,0,22,1,301,22.5,29,4,0,90,2.75,8,8,0,22,25,5,21,0,2,125,11,14,3,33,7,44,6.28571428571429,8,1,2,2,0,42,0,8,47,5.875,3,29,268,426,379,538,694,5,11,0,0,93.1,1,0,0,0,112,12,0,9.33333333333333,2013
"69","TOR","MTL",TRUE,20,23,2013077,2013,19,"2013-11-01T19:00:00",FALSE,0,0,0,1,9,5,1,0,2,0,1,8,0,1,1,0,0,3,2,14,1,0.214285714285714,0.142857142857143,0.0714285714285714,0.642857142857143,531,1803,65,321,10,37.9285714285714,128.785714285714,4.64285714285714,22.9285714285714,0.714285714285714,4.93846153846154,15,2,2,0,1,1,1,0.5,0,3,0,1,0,2,0,0,0,1,0,0,0,1,0,42,2,0,1,0,1,0,0.333333333333333,1,0,0,0,0,0,1,0,1,0,0,0,0,0,0,62,62,62,1,1,68.3333333333333,46.6666666666667,69,48,0,0,0,3,205,140,0,0,0,0,0,0,0,0,0,0,0,28,15,4,0,0,0.535714285714286,0.176470588235294,1,0.0357142857142857,7.5,14,5.08823529411765,34,210,40,28,11,100,43.8888888888889,38,0,0,0,0,63,54,1,9,395,342,14,40,0,15,1,210,25.4,33,5,0,127,7.5,13,8,0,60,19,6.47368421052632,60,0,0,123,6.16666666666667,10,6,37,0,0,0,7,3,2,0.666666666666667,1,33,0,6,37,6.16666666666667,2,20,173,333,296,520,506,1,6,1,2,89.9,0,0,0,0,187,13,0,14.3846153846154,2013
"70","BC","CGY",TRUE,26,7,2013078,2013,19,"2013-11-01T22:00:00",FALSE,0,0,0,2,10,12,4,0,0,1,0,7,0,2,0,0,1,6,6,15,1,0.4,0.4,0.0666666666666667,0.466666666666667,560,1988,71,443,24,37.3333333333333,132.533333333333,4.73333333333333,29.5333333333333,1.6,6.23943661971831,24,1,2,0,0,2,0,1,0,4,1,1,0,2,0,0,0,4,1,1,0,2,0,47,0,0,0,0,0,0,1,0,0,0,0,0,0,0,0,0,0,0,0,0,0,0,0,0,0,0,0,58.75,35.5,63,49,0,0,0,4,235,142,0,0,0,0,0,0,0,0,0,0,0,25,12,5,1,0.04,0.48,0.0740740740740741,0,0,7.64,15.9166666666667,6.92592592592593,27,191,45,24,0,0,37.8571428571429,32.4285714285714,0,0,0,0,45,36,0,7,265,227,15.9166666666667,45,0,12,0,191,22,26,3,0,66,9.36363636363636,16,11,0,103,32,5.59375,21,0,2,179,2,2,2,4,2,16,8,9,0,0,0,0,30,0,3,5,1.66666666666667,2,26,187,370,365,539,557,1,14,0,0,57.2,0,0,0,0,169,14,0,12.0714285714286,2013
"71","WPG","HAM",TRUE,7,37,2013079,2013,19,"2013-11-02T14:00:00",FALSE,0,0,0,1,6,3,2,0,0,0,1,10,0,0,0,2,2,3,2,17,4,0.176470588235294,0.117647058823529,0.235294117647059,0.647058823529412,687,1612,65,202,7,40.4117647058824,94.8235294117647,3.82352941176471,11.8823529411765,0.411764705882353,3.10769230769231,10,5,0,0,0,0,0,0,0,2,0,1,1,0,0,1,0,2,0,1,1,0,0,33,0,0,0,0,0,0,1,0,0,0,0,0,0,3,3,3,3,3,0,0,0,0,0,0,0,0,0,55.3333333333333,25.6666666666667,60,43,0,0,0,3,166,77,0,0,0,0,0,0,17,17,1,0,17,40,19,1,2,0.05,0.475,0.0476190476190476,0,0,4.175,8.78947368421053,3.47619047619048,42,167,21,38,6,60,42.2727272727273,36.7272727272727,0,0,0,0,53,53,1,11,465,404,8.78947368421053,21,0,19,0,167,18.8333333333333,26,6,0,113,5.2,12,5,0,26,10,4.6,17,0,0,46,10.5,15,2,21,1,2,2,9,7,13,1.85714285714286,0,43,0,2,21,10.5,0,7,146,213,192,369,359,5,7,1,1,38.2,3,0,0,0,156,12,0,13,2013
"72","SSK","EDM",TRUE,26,30,2013080,2013,19,"2013-11-02T17:00:00",FALSE,0,0,0,3,20,13,4,0,0,1,0,7,0,2,0,0,1,6,6,15,1,0.4,0.4,0.0666666666666667,0.466666666666667,469,2293,87,537,24,31.2666666666667,152.866666666667,5.8,35.8,1.6,6.17241379310345,36,1,2,0,0,2,0,1,0,4,2,2,0,0,0,0,0,4,2,2,0,0,0,23,0,0,0,0,0,0,1,0,0,0,0,0,0,0,1,0,0,0,0,0,0,0,22,22,22,1,0,65.25,26,69,46,0,0,0,4,261,104,0,0,0,0,0,0,0,0,0,0,0,40,29,4,1,0.025,0.725,0.0476190476190476,1,0.025,8.1,11.1724137931034,7.45238095238095,42,324,26,39,5,32,41.8571428571429,26.5714285714286,0,0,0,0,52,52,0,7,293,186,11.1724137931034,26,0,29,1,324,26.25,32,4,0,105,3.33333333333333,5,3,0,10,34,5.91176470588235,22,0,1,201,5.5,7,2,11,3,16,5.33333333333333,10,0,0,0,0,25,0,2,11,5.5,2,26,313,525,514,640,838,1,14,0,0,94.2,0,0,0,0,115,7,0,16.4285714285714,2013
"73","HAM","MTL",TRUE,19,16,2013081,2013,20,"2013-11-10T13:00:00",TRUE,0,0,0,2,9,9,2,0,1,1,0,9,0,2,1,1,1,4,4,18,3,0.222222222222222,0.222222222222222,0.166666666666667,0.5,774,1817,77,310,18,43,100.944444444444,4.27777777777778,17.2222222222222,1,4.02597402597403,20,3,1,0,0,1,0,1,0,3,0,1,1,1,0,0,0,2,0,1,1,0,0,35,1,0,0,0,1,0,0.666666666666667,0,0,0,0,0,0,2,2,1,3,1,4,4,4,0,0,0,0,1,0,39.5,34.5,46,37,0,0,0,2,79,69,0,0,0,0,0,0,0,0,0,0,0,43,26,5,1,0.0232558139534884,0.604651162790698,0,1,0.0232558139534884,5.58139534883721,9.23076923076923,5.58139534883721,43,240,20,42,6,55,33.5,32.25,1,1,0,0,55,55,0,8,268,258,9.23076923076923,20,0,26,1,240,12.5,14,2,0,25,9.5,13,4,0,38,21,2.42857142857143,11,0,1,51,0,0,0,0,0,0,0,6,1,2,2,0,37,0,2,14,7,2,19,240,291,277,354,531,2,7,0,0,73.8,1,4,4,0,63,6,0,10.5,2013
"74","SSK","BC",TRUE,29,25,2013082,2013,20,"2013-11-10T15:30:00",FALSE,0,0,0,3,11,7,5,0,1,0,0,2,0,2,1,0,0,7,7,11,1,0.636363636363636,0.636363636363636,0.0909090909090909,0.181818181818182,458,1575,59,440,27,41.6363636363636,143.181818181818,5.36363636363636,40,2.45454545454545,7.45762711864407,21,1,2,0,0,2,0,1,0,6,1,2,1,2,0,0,0,5,1,2,0,2,0,45,1,0,0,1,0,0,0.833333333333333,0,0,0,0,0,0,1,1,0,2,0,0,0,0,0,0,0,0,0,0,56.5,41.25,59,46,0,0,0,4,226,165,0,0,0,0,0,0,0,0,0,0,0,23,19,1,0,0,0.826086956521739,0.148148148148148,2,0.0869565217391304,11.7391304347826,14.2105263157895,9.25925925925926,27,270,61,23,2,10,36,31.5,0,0,0,0,38,35,0,2,72,63,14.2105263157895,61,0,19,2,270,23.5,56,4,0,94,7.66666666666667,12,3,0,23,24,7.08333333333333,35,0,0,170,5,10,4,20,1,1,1,6,2,2,1,0,44,0,4,20,5,2,29,250,440,420,557,690,0,17,0,0,144.6,0,0,0,0,117,7,0,16.7142857142857,2013
"75","TOR","HAM",TRUE,24,36,2013083,2013,21,"2013-11-17T13:00:00",FALSE,0,0,0,0,13,2,1,0,0,1,0,6,0,3,1,0,0,4,4,12,1,0.333333333333333,0.333333333333333,0.0833333333333333,0.5,454,1192,46,355,21,37.8333333333333,99.3333333333333,3.83333333333333,29.5833333333333,1.75,7.71739130434783,15,3,3,0,0,3,0,1,0,1,0,1,0,0,0,0,0,1,0,1,0,0,0,28,0,0,0,0,0,0,1,0,0,0,0,0,0,2,0,2,0,0,0,0,0,0,0,0,0,1,0,67.5,43,72,61,0,0,0,4,270,172,0,0,0,0,0,0,0,0,0,0,0,32,22,1,0,0,0.6875,0,2,0.0625,10.28125,14.9545454545455,10.28125,32,329,59,32,8,55,51.3333333333333,44.1666666666667,0,0,0,0,60,53,0,6,308,265,14.9545454545455,59,0,22,2,329,19.2,27,5,0,96,3.2,8,5,0,16,5,2.6,6,0,1,13,0,0,0,0,4,21,5.25,10,1,1,1,0,49,0,2,2,1,3,24,329,342,340,454,671,2,6,0,0,123,0,0,0,0,112,10,0,11.2,2013
"76","CGY","SSK",TRUE,13,35,2013084,2013,21,"2013-11-17T16:30:00",FALSE,0,0,0,2,3,5,2,0,0,1,0,5,0,1,1,3,2,3,3,15,6,0.2,0.2,0.4,0.333333333333333,562,1158,48,390,12,37.4666666666667,77.2,3.2,26,0.8,8.125,10,7,1,0,0,1,0,1,0,2,1,0,1,0,0,0,0,2,1,0,1,0,0,31,0,0,0,0,0,0,1,0,0,0,0,0,0,5,1,4,2,1,43,43,43,0,0,0,0,0,0,67,41,67,41,0,0,0,1,67,41,0,0,0,0,0,0,0,0,0,0,0,27,13,3,2,0.0740740740740741,0.481481481481481,0,1,0.037037037037037,10.4074074074074,21.6153846153846,10.4074074074074,27,281,57,24,2,20,46.2,40,0,0,0,0,55,50,0,5,231,200,21.6153846153846,57,0,13,1,281,17.5,24,6,0,105,15,51,4,0,60,14,6.35714285714286,32,0,0,89,0,0,0,0,1,2,2,7,1,0,0,0,62,0,0,0,0,1,13,281,370,370,535,651,6,7,0,0,67.1,1,43,43,0,165,10,0,16.5,2013
"77","SSK","HAM",TRUE,45,23,2013085,2013,22,"2013-11-24T18:30:00",FALSE,0,0,0,2,10,16,1,0,0,2,0,7,0,6,0,1,0,7,7,17,1,0.411764705882353,0.411764705882353,0.0588235294117647,0.411764705882353,855,2081,72,500,39,50.2941176470588,122.411764705882,4.23529411764706,29.4117647058824,2.29411764705882,6.94444444444444,28,1,6,0,0,6,0,1,0,1,0,1,0,0,0,0,0,1,0,1,0,0,0,20,0,0,0,0,0,0,1,0,1,39,39,39,0,3,1,1,4,2,2,4,4,0,0,0,0,1,0,60.75,38.625,66,50,0,0,0,8,486,309,0,0,0,0,0,0,0,0,0,0,0,24,17,3,0,0,0.708333333333333,0.0769230769230769,3,0.125,10.2083333333333,14.4117647058824,8.92307692307692,26,245,42,24,6,55,35.1428571428571,29.5714285714286,0,0,0,0,49,43,0,7,246,207,14.4117647058824,42,0,17,3,245,0,0,1,0,0,10.2857142857143,25,7,0,72,35,7.65714285714286,39,0,3,268,6.5,9,2,13,3,23,7.66666666666667,14,0,0,0,0,28,0,5,16,3.2,6,45,232,513,497,585,745,1,9,0,0,143.2,3,43,14.3333333333333,0,72,8,0,9,2013
